player.id,season,numTeams,rank,team.allStarStatus,team.id,team.name,team.link,team.season,team.venue.id,team.venue.name,team.venue.link,team.teamCode,team.fileCode,team.abbreviation,team.teamName,team.locationName,team.firstYearOfPlay,team.league.id,team.league.name,team.league.link,team.sport.id,team.sport.link,team.sport.name,team.shortName,team.parentOrgName,team.parentOrgId,team.franchiseName,team.clubName,team.active,player.fullName,player.link,player.firstName,player.lastName,player.primaryNumber,player.birthDate,player.currentAge,player.birthCity,player.birthCountry,player.height,player.weight,player.active,player.primaryPosition.code,player.primaryPosition.name,player.primaryPosition.type,player.primaryPosition.abbreviation,player.useName,player.useLastName,player.middleName,player.boxscoreName,player.gender,player.nameMatrilineal,player.isPlayer,player.isVerified,player.batSide.code,player.batSide.description,player.pitchHand.code,player.pitchHand.description,player.nameFirstLast,player.nameSlug,player.firstLastName,player.lastFirstName,player.lastInitName,player.initLastName,player.fullFMLName,player.fullLFMName,player.strikeZoneTop,player.strikeZoneBottom,league.id,league.name,league.link,sport.id,sport.link,sport.abbreviation,position.code,position.name,position.type,position.abbreviation,player.nickName,player.pronunciation,player.mlbDebutDate,player.birthStateProvince,player.draftYear,player.nameTitle,player.nameSuffix
667686,2024,1,1,N,696,Navegantes del Magallanes,/api/v1/teams/696,2024,2510,Estadio Jose Bernardo Perez,/api/v1/venues/2510,mag,t696,MAG,Navegantes,Valencia,2004,135,Liga Venezuela Beisbol Profesional,/api/v1/league/135,17,/api/v1/sports/17,Winter Leagues,Magallanes,Office of the Commissioner,11,Navegantes,Magallanes,True,Angel Acevedo,/api/v1/people/667686,Angel,Acevedo,91,1998-09-19,26,Calabozo,Venezuela,"6' 1""",205,True,1,Pitcher,Pitcher,P,Angel,Acevedo,Paul,Acevedo,M,Oropeza,True,False,R,Right,R,Right,Angel Acevedo,angel-acevedo-667686,Angel Acevedo,"Acevedo, Angel","Acevedo, A",A Acevedo,Angel Paul Acevedo,"Acevedo, Angel Paul",3.411,1.565,135,LVBP,/api/v1/league/135,17,/api/v1/sports/17,WIN,1,Pitcher,Pitcher,P,,,,,,,
666673,2024,1,66,N,697,Bravos de Margarita,/api/v1/teams/697,2024,3349,Estadio Nueva Esparta,/api/v1/venues/3349,mar,t697,MAR,Bravos,Porlamar,2004,135,Liga Venezuela Beisbol Profesional,/api/v1/league/135,17,/api/v1/sports/17,Winter Leagues,Margarita,Office of the Commissioner,11,Bravos,Margarita,True,Melvi Acosta,/api/v1/people/666673,Melvi,Acosta,22,1995-06-02,29,Guiria,Venezuela,"6' 1""",215,True,1,Pitcher,Pitcher,P,Melvi,Acosta,Jose,"Acosta, M",M,Lopez,True,False,R,Right,R,Right,Melvi Acosta,melvi-acosta-666673,Melvi Acosta,"Acosta, Melvi","Acosta, M",M Acosta,Melvi Jose Acosta,"Acosta, Melvi Jose",3.411,1.565,135,LVBP,/api/v1/league/135,17,/api/v1/sports/17,WIN,1,Pitcher,Pitcher,P,,,,,,,
622459,2024,1,1,N,699,Tigres de Aragua,/api/v1/teams/699,2024,2913,Estadio Jose Perez Colmenares,/api/v1/venues/2913,ara,t699,ARA,Tigres,Maracay,2004,135,Liga Venezuela Beisbol Profesional,/api/v1/league/135,17,/api/v1/sports/17,Winter Leagues,Aragua,Office of the Commissioner,11,Tigres,Aragua,True,Cristian Alvarado,/api/v1/people/622459,Cristian,Alvarado,48,1994-09-20,30,Acarigua,Venezuela,"6' 3""",185,True,1,Pitcher,Pitcher,P,Cristian,Alvarado,Santo,"Alvarado, C",M,Castro,True,True,R,Right,R,Right,Cristian Alvarado,cristian-alvarado-622459,Cristian Alvarado,"Alvarado, Cristian","Alvarado, C",C Alvarado,Cristian Santo Alvarado,"Alvarado, Cristian Santo",3.49,1.601,135,LVBP,/api/v1/league/135,17,/api/v1/sports/17,WIN,1,Pitcher,Pitcher,P,,,,,,,
542587,2024,1,62,N,698,Tiburones de La Guaira,/api/v1/teams/698,2024,3029,Estadio Universitario,/api/v1/venues/3029,lag,t698,LAG,Tiburones,Caracas,2004,135,Liga Venezuela Beisbol Profesional,/api/v1/league/135,17,/api/v1/sports/17,Winter Leagues,La Guaira,Office of the Commissioner,11,Tiburones,La Guaira,True,Elvis Araujo,/api/v1/people/542587,Elvis,Araujo,74,1991-07-15,33,Maracaibo,Venezuela,"6' 7""",275,True,1,Pitcher,Pitcher,P,Elvis,Araujo,Alejandro,Araujo,M,,True,True,L,Left,L,Left,Elvis Araujo,elvis-araujo-542587,Elvis Araujo,"Araujo, Elvis","Araujo, E",E Araujo,Elvis Alejandro Araujo,"Araujo, Elvis Alejandro",3.756,1.746,135,LVBP,/api/v1/league/135,17,/api/v1/sports/17,WIN,1,Pitcher,Pitcher,P,,ah-ROW-hoe,2015-05-05,,,,
678640,2024,1,1,N,692,Aguilas del Zulia,/api/v1/teams/692,2024,3031,Estadio Luis Aparicio,/api/v1/venues/3031,zul,t692,ZUL,Aguilas,Maracaibo,2004,135,Liga Venezuela Beisbol Profesional,/api/v1/league/135,17,/api/v1/sports/17,Winter Leagues,Zulia,Office of the Commissioner,11,Aguilas,Zulia,True,Carlos Betancourt,/api/v1/people/678640,Carlos,Betancourt,93,2001-03-27,23,Cumana,Venezuela,"6' 1""",160,True,1,Pitcher,Pitcher,P,Carlos,Betancourt,Eduardo,"Betancourt, C",M,Castillo,True,False,R,Right,R,Right,Carlos Betancourt,carlos-betancourt-678640,Carlos Betancourt,"Betancourt, Carlos","Betancourt, C",C Betancourt,Carlos Eduardo Betancourt,"Betancourt, Carlos Eduardo",3.411,1.565,135,LVBP,/api/v1/league/135,17,/api/v1/sports/17,WIN,1,Pitcher,Pitcher,P,,,,,,,
673455,2024,1,59,N,699,Tigres de Aragua,/api/v1/teams/699,2024,2913,Estadio Jose Perez Colmenares,/api/v1/venues/2913,ara,t699,ARA,Tigres,Maracay,2004,135,Liga Venezuela Beisbol Profesional,/api/v1/league/135,17,/api/v1/sports/17,Winter Leagues,Aragua,Office of the Commissioner,11,Tigres,Aragua,True,Lazaro Blanco,/api/v1/people/673455,Lazaro,Blanco,,1986-02-23,38,"Yara, Granma",Cuba,"6' 3""",200,True,1,Pitcher,Pitcher,P,Lazaro,Blanco,,Blanco,M,Matos,True,False,R,Right,R,Right,Lazaro Blanco,lazaro-blanco-673455,Lazaro Blanco,"Blanco, Lazaro","Blanco, L",L Blanco,Lazaro Blanco,"Blanco, Lazaro ",3.49,1.601,135,LVBP,/api/v1/league/135,17,/api/v1/sports/17,WIN,1,Pitcher,Pitcher,P,,,,,,,
663778,2024,1,77,N,695,Leones del Caracas,/api/v1/teams/695,2024,6015,Monumental Simon Bolivar,/api/v1/venues/6015,leo,t695,CAR,Leones,Caracas,2004,135,Liga Venezuela Beisbol Profesional,/api/v1/league/135,17,/api/v1/sports/17,Winter Leagues,Caracas,Office of the Commissioner,11,Leones,Caracas,True,Sam Bordner,/api/v1/people/663778,Samuel,Bordner,,1996-10-16,27,Columbus,USA,"6' 5""",228,True,1,Pitcher,Pitcher,P,Sam,Bordner,Tristan,Bordner,M,,True,True,R,Right,R,Right,Sam Bordner,sam-bordner-663778,Sam Bordner,"Bordner, Sam","Bordner, S",S Bordner,Samuel Tristan Bordner,"Bordner, Samuel Tristan",3.575,1.681,135,LVBP,/api/v1/league/135,17,/api/v1/sports/17,WIN,1,Pitcher,Pitcher,P,,,,OH,2018.0,,
517448,2024,1,97,N,695,Leones del Caracas,/api/v1/teams/695,2024,6015,Monumental Simon Bolivar,/api/v1/venues/6015,leo,t695,CAR,Leones,Caracas,2004,135,Liga Venezuela Beisbol Profesional,/api/v1/league/135,17,/api/v1/sports/17,Winter Leagues,Caracas,Office of the Commissioner,11,Leones,Caracas,True,Wilfredo Boscan,/api/v1/people/517448,Wilfredo,Boscan,,1989-10-26,34,Maracaibo,Venezuela,"6' 2""",228,True,1,Pitcher,Pitcher,P,Wilfredo,Boscan,Jose,"Boscan, W",M,Fernandez,True,True,R,Right,R,Right,Wilfredo Boscan,wilfredo-boscan-517448,Wilfredo Boscan,"Boscan, Wilfredo","Boscan, W",W Boscan,Wilfredo Jose Boscan,"Boscan, Wilfredo Jose",3.467,1.589,135,LVBP,/api/v1/league/135,17,/api/v1/sports/17,WIN,1,Pitcher,Pitcher,P,,,2016-05-19,,,,
611093,2024,1,1,N,692,Aguilas del Zulia,/api/v1/teams/692,2024,3031,Estadio Luis Aparicio,/api/v1/venues/3031,zul,t692,ZUL,Aguilas,Maracaibo,2004,135,Liga Venezuela Beisbol Profesional,/api/v1/league/135,17,/api/v1/sports/17,Winter Leagues,Zulia,Office of the Commissioner,11,Aguilas,Zulia,True,Silvino Bracho,/api/v1/people/611093,Silvino,Bracho,69,1992-07-17,32,Maracaibo,Venezuela,"5' 10""",190,True,1,Pitcher,Pitcher,P,Silvino,Bracho,,Bracho,M,Saavedra,True,True,R,Right,R,Right,Silvino Bracho,silvino-bracho-611093,Silvino Bracho,"Bracho, Silvino","Bracho, S",S Bracho,Silvino Bracho,"Bracho, Silvino",3.301,1.504,135,LVBP,/api/v1/league/135,17,/api/v1/sports/17,WIN,1,Pitcher,Pitcher,P,Braaach,sil-VEE-noh BRAH-choh,2015-08-30,,,,
620978,2024,1,1,N,694,Caribes de Anzoategui,/api/v1/teams/694,2024,3030,Estadio Alfonso Carrasquel,/api/v1/venues/3030,ori,t694,ORI,Caribes,Puerto La Cruz,2004,135,Liga Venezuela Beisbol Profesional,/api/v1/league/135,17,/api/v1/sports/17,Winter Leagues,Caribes,Office of the Commissioner,11,Caribes,Caribes,True,Liarvis Breto,/api/v1/people/620978,Liarvis,Breto,,1993-04-10,31,Carabobo,Venezuela,"5' 11""",175,True,1,Pitcher,Pitcher,P,Liarvis,Breto,Jose,Breto,M,,True,False,L,Left,L,Left,Liarvis Breto,liarvis-breto-620978,Liarvis Breto,"Breto, Liarvis","Breto, L",L Breto,Liarvis Jose Breto,"Breto, Liarvis Jose",3.319,1.513,135,LVBP,/api/v1/league/135,17,/api/v1/sports/17,WIN,1,Pitcher,Pitcher,P,,,,,,,
623412,2024,1,1,N,693,Cardenales de Lara,/api/v1/teams/693,2024,3032,Estadio Antonio Herrera Gutierrez,/api/v1/venues/3032,lar,t693,LAR,Cardenales,Barquisimeto,2004,135,Liga Venezuela Beisbol Profesional,/api/v1/league/135,17,/api/v1/sports/17,Winter Leagues,Lara,Office of the Commissioner,11,Cardenales,Lara,True,Geoff Broussard,/api/v1/people/623412,Geoffrey,Broussard,16,1990-09-21,34,Montclair,USA,"6' 0""",185,True,1,Pitcher,Pitcher,P,Geoff,Broussard,A.,Broussard,M,,True,True,R,Right,R,Right,Geoff Broussard,geoff-broussard-623412,Geoff Broussard,"Broussard, Geoff","Broussard, G",G Broussard,Geoffrey A. Broussard,"Broussard, Geoffrey A.",3.371,1.535,135,LVBP,/api/v1/league/135,17,/api/v1/sports/17,WIN,1,Pitcher,Pitcher,P,,,,CA,2012.0,,
674289,2024,1,1,N,694,Caribes de Anzoategui,/api/v1/teams/694,2024,3030,Estadio Alfonso Carrasquel,/api/v1/venues/3030,ori,t694,ORI,Caribes,Puerto La Cruz,2004,135,Liga Venezuela Beisbol Profesional,/api/v1/league/135,17,/api/v1/sports/17,Winter Leagues,Caribes,Office of the Commissioner,11,Caribes,Caribes,True,Manuel Cachutt,/api/v1/people/674289,Manuel,Cachutt,53,1997-06-07,27,Ciudad Bolivar,Venezuela,"6' 0""",185,True,1,Pitcher,Pitcher,P,Manuel,Cachutt,Jesus,Cachutt,M,Moreno,True,True,R,Right,R,Right,Manuel Cachutt,manuel-cachutt-674289,Manuel Cachutt,"Cachutt, Manuel","Cachutt, M",M Cachutt,Manuel Jesus Cachutt,"Cachutt, Manuel Jesus",3.371,1.535,135,LVBP,/api/v1/league/135,17,/api/v1/sports/17,WIN,1,Pitcher,Pitcher,P,,,,,,,
553883,2024,1,98,N,693,Cardenales de Lara,/api/v1/teams/693,2024,3032,Estadio Antonio Herrera Gutierrez,/api/v1/venues/3032,lar,t693,LAR,Cardenales,Barquisimeto,2004,135,Liga Venezuela Beisbol Profesional,/api/v1/league/135,17,/api/v1/sports/17,Winter Leagues,Lara,Office of the Commissioner,11,Cardenales,Lara,True,Vicente Campos,/api/v1/people/553883,Jose,Campos,97,1992-07-27,32,La Guaira,Venezuela,"6' 3""",230,True,1,Pitcher,Pitcher,P,Vicente,Campos,Vicente,"Campos, V",M,Carnota,True,True,R,Right,R,Right,Vicente Campos,vicente-campos-553883,Vicente Campos,"Campos, Vicente","Campos, V",V Campos,Jose Vicente Campos,"Campos, Jose Vicente",3.49,1.601,135,LVBP,/api/v1/league/135,17,/api/v1/sports/17,WIN,1,Pitcher,Pitcher,P,,CAM-pos,2016-08-27,,,,
692024,2024,1,1,N,699,Tigres de Aragua,/api/v1/teams/699,2024,2913,Estadio Jose Perez Colmenares,/api/v1/venues/2913,ara,t699,ARA,Tigres,Maracay,2004,135,Liga Venezuela Beisbol Profesional,/api/v1/league/135,17,/api/v1/sports/17,Winter Leagues,Aragua,Office of the Commissioner,11,Tigres,Aragua,True,Alex Carrillo,/api/v1/people/692024,Alejandro,Carrillo,,1997-06-06,27,Paramount,USA,"6' 2""",220,True,1,Pitcher,Pitcher,P,Alex,Carrillo,,"Carrillo, A",M,,True,True,R,Right,R,Right,Alex Carrillo,alex-carrillo-692024,Alex Carrillo,"Carrillo, Alex","Carrillo, A",A Carrillo,Alejandro Carrillo,"Carrillo, Alejandro ",3.467,1.589,135,LVBP,/api/v1/league/135,17,/api/v1/sports/17,WIN,1,Pitcher,Pitcher,P,,,,CA,,,
624000,2024,1,94,N,692,Aguilas del Zulia,/api/v1/teams/692,2024,3031,Estadio Luis Aparicio,/api/v1/venues/3031,zul,t692,ZUL,Aguilas,Maracaibo,2004,135,Liga Venezuela Beisbol Profesional,/api/v1/league/135,17,/api/v1/sports/17,Winter Leagues,Zulia,Office of the Commissioner,11,Aguilas,Zulia,True,Francisco Carrillo,/api/v1/people/624000,Francisco,Carrillo,,1990-03-15,34,Maracay,Venezuela,"6' 0""",190,True,1,Pitcher,Pitcher,P,Francisco,Carrillo,Javier,"Carrillo, F",M,,True,True,R,Right,R,Right,Francisco Carrillo,francisco-carrillo-624000,Francisco Carrillo,"Carrillo, Francisco","Carrillo, F",F Carrillo,Francisco Javier Carrillo,"Carrillo, Francisco Javier",3.371,1.535,135,LVBP,/api/v1/league/135,17,/api/v1/sports/17,WIN,1,Pitcher,Pitcher,P,,,,,,,
628327,2024,1,57,N,698,Tiburones de La Guaira,/api/v1/teams/698,2024,3029,Estadio Universitario,/api/v1/venues/3029,lag,t698,LAG,Tiburones,Caracas,2004,135,Liga Venezuela Beisbol Profesional,/api/v1/league/135,17,/api/v1/sports/17,Winter Leagues,La Guaira,Office of the Commissioner,11,Tiburones,La Guaira,True,Erly Casanova,/api/v1/people/628327,Erly,Casanova,,1985-07-25,39,Pinar del Rio,Cuba,"6' 1""",236,False,1,Pitcher,Pitcher,P,Erly,Erlis Casanova,,E Casanova,M,Callab,True,False,R,Right,R,Right,Erly Casanova,erly-casanova-628327,Erly Casanova,"Casanova, Erly",Erlis Casanova,"Casanova, E","Casanova, Erlis",Casanova,3.411,1.565,135,LVBP,/api/v1/league/135,17,/api/v1/sports/17,WIN,1,Pitcher,Pitcher,P,,,,,,,
666721,2024,1,1,N,693,Cardenales de Lara,/api/v1/teams/693,2024,3032,Estadio Antonio Herrera Gutierrez,/api/v1/venues/3032,lar,t693,LAR,Cardenales,Barquisimeto,2004,135,Liga Venezuela Beisbol Profesional,/api/v1/league/135,17,/api/v1/sports/17,Winter Leagues,Lara,Office of the Commissioner,11,Cardenales,Lara,True,Max Castillo,/api/v1/people/666721,Maximo,Castillo,68,1999-05-04,25,Caracas,Venezuela,"6' 2""",280,True,1,Pitcher,Pitcher,P,Max,Castillo,Alberto,"Castillo, M",M,Campos,True,False,R,Right,R,Right,Max Castillo,max-castillo-666721,Max Castillo,"Castillo, Max","Castillo, M",M Castillo,Maximo Alberto Castillo,"Castillo, Maximo Alberto",3.467,1.589,135,LVBP,/api/v1/league/135,17,/api/v1/sports/17,WIN,1,Pitcher,Pitcher,P,,,2022-06-19,,,,
621593,2024,1,1,N,698,Tiburones de La Guaira,/api/v1/teams/698,2024,3029,Estadio Universitario,/api/v1/venues/3029,lag,t698,LAG,Tiburones,Caracas,2004,135,Liga Venezuela Beisbol Profesional,/api/v1/league/135,17,/api/v1/sports/17,Winter Leagues,La Guaira,Office of the Commissioner,11,Tiburones,La Guaira,True,Anthony Castro,/api/v1/people/621593,Anthony,Castro,41,1995-04-13,29,Caracas,Venezuela,"6' 2""",191,True,1,Pitcher,Pitcher,P,Anthony,Castro,Silfredo,"Castro, A",M,,True,False,R,Right,R,Right,Anthony Castro,anthony-castro-621593,Anthony Castro,"Castro, Anthony","Castro, A",A Castro,Anthony Silfredo Castro,"Castro, Anthony Silfredo",3.467,1.589,135,LVBP,/api/v1/league/135,17,/api/v1/sports/17,WIN,1,Pitcher,Pitcher,P,,,2020-07-27,,,,
606190,2024,1,1,N,699,Tigres de Aragua,/api/v1/teams/699,2024,2913,Estadio Jose Perez Colmenares,/api/v1/venues/2913,ara,t699,ARA,Tigres,Maracay,2004,135,Liga Venezuela Beisbol Profesional,/api/v1/league/135,17,/api/v1/sports/17,Winter Leagues,Aragua,Office of the Commissioner,11,Tigres,Aragua,True,Jorgan Cavanerio,/api/v1/people/606190,Jorgan,Cavanerio,,1994-08-18,30,Cagua,Venezuela,"6' 1""",155,True,1,Pitcher,Pitcher,P,Jorgan,Cavanerio,Argenis,Cavanerio,M,Parra,True,True,R,Right,R,Right,Jorgan Cavanerio,jorgan-cavanerio-606190,Jorgan Cavanerio,"Cavanerio, Jorgan","Cavanerio, J",J Cavanerio,Jorgan Argenis Cavanerio,"Cavanerio, Jorgan Argenis",3.411,1.565,135,LVBP,/api/v1/league/135,17,/api/v1/sports/17,WIN,1,Pitcher,Pitcher,P,,,,,,,
605636,2024,1,77,N,697,Bravos de Margarita,/api/v1/teams/697,2024,3349,Estadio Nueva Esparta,/api/v1/venues/3349,mar,t697,MAR,Bravos,Porlamar,2004,135,Liga Venezuela Beisbol Profesional,/api/v1/league/135,17,/api/v1/sports/17,Winter Leagues,Margarita,Office of the Commissioner,11,Bravos,Margarita,True,Henry Centeno,/api/v1/people/605636,Henry,Centeno,70,1994-08-24,30,Araya Sucre,Venezuela,"6' 2""",200,True,1,Pitcher,Pitcher,P,Henry,Centeno,Jesus Ysaih,"Centeno, H",M,Gutierrez,True,True,R,Right,R,Right,Henry Centeno,henry-centeno-605636,Henry Centeno,"Centeno, Henry","Centeno, H",H Centeno,Henry Jesus Ysaih Centeno,"Centeno, Henry Jesus Ysaih",3.467,1.589,135,LVBP,/api/v1/league/135,17,/api/v1/sports/17,WIN,1,Pitcher,Pitcher,P,,,,,,,
591701,2024,1,1,N,698,Tiburones de La Guaira,/api/v1/teams/698,2024,3029,Estadio Universitario,/api/v1/venues/3029,lag,t698,LAG,Tiburones,Caracas,2004,135,Liga Venezuela Beisbol Profesional,/api/v1/league/135,17,/api/v1/sports/17,Winter Leagues,La Guaira,Office of the Commissioner,11,Tiburones,La Guaira,True,Alejandro Chacin,/api/v1/people/591701,David,Chacin,,1993-06-24,31,Maracay,Venezuela,"6' 0""",204,True,1,Pitcher,Pitcher,P,Alejandro,Chacin,Alejandro,Chacin,M,Bravo,True,True,R,Right,R,Right,Alejandro Chacin,alejandro-chacin-591701,Alejandro Chacin,"Chacin, Alejandro","Chacin, A",A Chacin,David Alejandro Chacin,"Chacin, David Alejandro",3.371,1.535,135,LVBP,/api/v1/league/135,17,/api/v1/sports/17,WIN,1,Pitcher,Pitcher,P,,,2017-08-23,,,,
642570,2024,1,100,N,698,Tiburones de La Guaira,/api/v1/teams/698,2024,3029,Estadio Universitario,/api/v1/venues/3029,lag,t698,LAG,Tiburones,Caracas,2004,135,Liga Venezuela Beisbol Profesional,/api/v1/league/135,17,/api/v1/sports/17,Winter Leagues,La Guaira,Office of the Commissioner,11,Tiburones,La Guaira,True,Will Changarotty,/api/v1/people/642570,Will,Changarotty,,1995-10-19,28,Chiquinquira,Venezuela,"6' 0""",165,True,1,Pitcher,Pitcher,P,Will,Changarotty,Jose,Changarotty,M,Quintero,True,True,R,Right,R,Right,Will Changarotty,will-changarotty-642570,Will Changarotty,"Changarotty, Will","Changarotty, W",W Changarotty,Will Jose Changarotty,"Changarotty, Will Jose",3.371,1.535,135,LVBP,/api/v1/league/135,17,/api/v1/sports/17,WIN,1,Pitcher,Pitcher,P,,,,,,,
454974,2024,1,1,N,692,Aguilas del Zulia,/api/v1/teams/692,2024,3031,Estadio Luis Aparicio,/api/v1/venues/3031,zul,t692,ZUL,Aguilas,Maracaibo,2004,135,Liga Venezuela Beisbol Profesional,/api/v1/league/135,17,/api/v1/sports/17,Winter Leagues,Zulia,Office of the Commissioner,11,Aguilas,Zulia,True,Rafael Cova,/api/v1/people/454974,Rafael,Cova,,1982-03-05,42,Cariaco,Venezuela,"6' 2""",175,True,1,Pitcher,Pitcher,P,Rafael,Cova,Jose,Cova,M,,True,True,R,Right,R,Right,Rafael Cova,rafael-cova-454974,Rafael Cova,"Cova, Rafael","Cova, R",R Cova,Rafael Jose Cova,"Cova, Rafael Jose",3.467,1.589,135,LVBP,/api/v1/league/135,17,/api/v1/sports/17,WIN,1,Pitcher,Pitcher,P,,,,,,,
593468,2024,1,1,N,697,Bravos de Margarita,/api/v1/teams/697,2024,3349,Estadio Nueva Esparta,/api/v1/venues/3349,mar,t697,MAR,Bravos,Porlamar,2004,135,Liga Venezuela Beisbol Profesional,/api/v1/league/135,17,/api/v1/sports/17,Winter Leagues,Margarita,Office of the Commissioner,11,Bravos,Margarita,True,Claudio Custodio,/api/v1/people/593468,Claudio,Custodio,,1990-10-30,33,Sabana Grande de Boya,Dominican Republic,"5' 10""",155,True,1,Pitcher,Pitcher,P,Claudio,Custodio,,Custodio,M,,True,True,R,Right,R,Right,Claudio Custodio,claudio-custodio-593468,Claudio Custodio,"Custodio, Claudio","Custodio, C",C Custodio,Claudio Custodio,"Custodio, Claudio",3.301,1.504,135,LVBP,/api/v1/league/135,17,/api/v1/sports/17,WIN,1,Pitcher,Pitcher,P,,,,,,,
692369,2024,1,74,N,692,Aguilas del Zulia,/api/v1/teams/692,2024,3031,Estadio Luis Aparicio,/api/v1/venues/3031,zul,t692,ZUL,Aguilas,Maracaibo,2004,135,Liga Venezuela Beisbol Profesional,/api/v1/league/135,17,/api/v1/sports/17,Winter Leagues,Zulia,Office of the Commissioner,11,Aguilas,Zulia,True,Jose Davila,/api/v1/people/692369,Jose,Davila,96,2002-11-09,21,Maracaibo,Venezuela,"6' 3""",177,True,1,Pitcher,Pitcher,P,Jose,Davila,Abraham,Davila,M,Munoz,True,True,R,Right,R,Right,Jose Davila,jose-davila-692369,Jose Davila,"Davila, Jose","Davila, J",J Davila,Jose Abraham Davila,"Davila, Jose Abraham",3.49,1.601,135,LVBP,/api/v1/league/135,17,/api/v1/sports/17,WIN,1,Pitcher,Pitcher,P,,,,,,,
546276,2024,1,71,N,693,Cardenales de Lara,/api/v1/teams/693,2024,3032,Estadio Antonio Herrera Gutierrez,/api/v1/venues/3032,lar,t693,LAR,Cardenales,Barquisimeto,2004,135,Liga Venezuela Beisbol Profesional,/api/v1/league/135,17,/api/v1/sports/17,Winter Leagues,Lara,Office of the Commissioner,11,Cardenales,Lara,True,Edwin Escobar,/api/v1/people/546276,Edwin,Escobar,62,1992-04-22,32,La Boyera,Venezuela,"6' 2""",225,True,1,Pitcher,Pitcher,P,Edwin,Escobar,Jose,"Escobar, Edw",M,,True,True,L,Left,L,Left,Edwin Escobar,edwin-escobar-546276,Edwin Escobar,"Escobar, Edwin","Escobar, E",E Escobar,Edwin Jose Escobar,"Escobar, Edwin Jose",3.467,1.589,135,LVBP,/api/v1/league/135,17,/api/v1/sports/17,WIN,1,Pitcher,Pitcher,P,,,2014-08-27,,,,
607162,2024,1,1,N,696,Navegantes del Magallanes,/api/v1/teams/696,2024,2510,Estadio Jose Bernardo Perez,/api/v1/venues/2510,mag,t696,MAG,Navegantes,Valencia,2004,135,Liga Venezuela Beisbol Profesional,/api/v1/league/135,17,/api/v1/sports/17,Winter Leagues,Magallanes,Office of the Commissioner,11,Navegantes,Magallanes,True,Onelki Garcia,/api/v1/people/607162,Onelki,Garcia,64,1989-08-02,35,Guantanamo,Cuba,"6' 3""",225,True,1,Pitcher,Pitcher,P,Onelki,Garcia,,"Garcia, O",M,Speck,True,True,L,Left,L,Left,Onelki Garcia,onelki-garcia-607162,Onelki Garcia,"Garcia, Onelki","Garcia, O",O Garcia,Onelki Garcia,"Garcia, Onelki",3.49,1.601,135,LVBP,/api/v1/league/135,17,/api/v1/sports/17,WIN,1,Pitcher,Pitcher,P,,OH-nel-key,2013-09-11,,2012.0,,
690345,2024,1,98,N,693,Cardenales de Lara,/api/v1/teams/693,2024,3032,Estadio Antonio Herrera Gutierrez,/api/v1/venues/3032,lar,t693,LAR,Cardenales,Barquisimeto,2004,135,Liga Venezuela Beisbol Profesional,/api/v1/league/135,17,/api/v1/sports/17,Winter Leagues,Lara,Office of the Commissioner,11,Cardenales,Lara,True,Pedro Garcia,/api/v1/people/690345,Pedro,Garcia,41,1995-03-21,29,Maracaibo,Venezuela,"5' 11""",220,True,1,Pitcher,Pitcher,P,Pedro,Garcia,,"Garcia, P",M,,True,True,R,Right,R,Right,Pedro Garcia,pedro-garcia-690345,Pedro Garcia,"Garcia, Pedro","Garcia, P",P Garcia,Pedro Garcia,"Garcia, Pedro",3.319,1.513,135,LVBP,/api/v1/league/135,17,/api/v1/sports/17,WIN,1,Pitcher,Pitcher,P,,,,,2019.0,,
692623,2024,1,1,N,694,Caribes de Anzoategui,/api/v1/teams/694,2024,3030,Estadio Alfonso Carrasquel,/api/v1/venues/3030,ori,t694,ORI,Caribes,Puerto La Cruz,2004,135,Liga Venezuela Beisbol Profesional,/api/v1/league/135,17,/api/v1/sports/17,Winter Leagues,Caribes,Office of the Commissioner,11,Caribes,Caribes,True,Leonard Garcia,/api/v1/people/692623,Leonard,Garcia,,2003-08-11,21,Barcelona,Venezuela,"6' 2""",165,True,1,Pitcher,Pitcher,P,Leonard,Garcia,Jesus,"Garcia, L",M,Tayupo,True,True,L,Left,L,Left,Leonard Garcia,leonard-garcia-692623,Leonard Garcia,"Garcia, Leonard","Garcia, L",L Garcia,Leonard Jesus Garcia,"Garcia, Leonard Jesus",3.467,1.589,135,LVBP,/api/v1/league/135,17,/api/v1/sports/17,WIN,1,Pitcher,Pitcher,P,,,,,,,
681617,2024,1,77,N,698,Tiburones de La Guaira,/api/v1/teams/698,2024,3029,Estadio Universitario,/api/v1/venues/3029,lag,t698,LAG,Tiburones,Caracas,2004,135,Liga Venezuela Beisbol Profesional,/api/v1/league/135,17,/api/v1/sports/17,Winter Leagues,La Guaira,Office of the Commissioner,11,Tiburones,La Guaira,True,Kevin Garcia,/api/v1/people/681617,Kevin,Garcia,,1999-11-25,24,Valencia,Venezuela,"6' 0""",170,True,1,Pitcher,Pitcher,P,Kevin,Garcia,Daniel,"Garcia, K",M,Tovar,True,False,L,Left,L,Left,Kevin Garcia,kevin-garcia-681617,Kevin Garcia,"Garcia, Kevin","Garcia, K",K Garcia,Kevin Daniel Garcia,"Garcia, Kevin Daniel",3.371,1.535,135,LVBP,/api/v1/league/135,17,/api/v1/sports/17,WIN,1,Pitcher,Pitcher,P,,,,,,,
683014,2024,1,1,N,694,Caribes de Anzoategui,/api/v1/teams/694,2024,3030,Estadio Alfonso Carrasquel,/api/v1/venues/3030,ori,t694,ORI,Caribes,Puerto La Cruz,2004,135,Liga Venezuela Beisbol Profesional,/api/v1/league/135,17,/api/v1/sports/17,Winter Leagues,Caribes,Office of the Commissioner,11,Caribes,Caribes,True,Richard Guasch,/api/v1/people/683014,Richard,Guasch,91,1998-04-10,26,Santiago de Cuba,Cuba,"6' 4""",205,True,1,Pitcher,Pitcher,P,Richard,Guasch,,Guasch,M,Cala,True,True,R,Right,R,Right,Richard Guasch,richard-guasch-683014,Richard Guasch,"Guasch, Richard","Guasch, R",R Guasch,Richard  Guasch,"Guasch, Richard ",3.549,1.627,135,LVBP,/api/v1/league/135,17,/api/v1/sports/17,WIN,1,Pitcher,Pitcher,P,,,,,,,
660508,2024,1,1,N,695,Leones del Caracas,/api/v1/teams/695,2024,6015,Monumental Simon Bolivar,/api/v1/venues/6015,leo,t695,CAR,Leones,Caracas,2004,135,Liga Venezuela Beisbol Profesional,/api/v1/league/135,17,/api/v1/sports/17,Winter Leagues,Caracas,Office of the Commissioner,11,Leones,Caracas,True,Norwith Gudiño,/api/v1/people/660508,Norwith,Gudiño,93,1995-11-22,28,Puerto Cabello,Venezuela,"6' 2""",248,True,1,Pitcher,Pitcher,P,Norwith,Gudiño,Jossue,Gudiño,M,Viloria,True,False,R,Right,R,Right,Norwith Gudiño,norwith-gudino-660508,Norwith Gudiño,"Gudiño, Norwith","Gudiño, N",N Gudiño,Norwith Jossue Gudiño,"Gudiño, Norwith Jossue",3.467,1.589,135,LVBP,/api/v1/league/135,17,/api/v1/sports/17,WIN,1,Pitcher,Pitcher,P,,,,,,,
803247,2024,1,1,N,699,Tigres de Aragua,/api/v1/teams/699,2024,2913,Estadio Jose Perez Colmenares,/api/v1/venues/2913,ara,t699,ARA,Tigres,Maracay,2004,135,Liga Venezuela Beisbol Profesional,/api/v1/league/135,17,/api/v1/sports/17,Winter Leagues,Aragua,Office of the Commissioner,11,Tigres,Aragua,True,Jose Guedez,/api/v1/people/803247,Jose,Guedez,,2001-09-27,23,Valencia,Venezuela,"6' 0""",193,True,1,Pitcher,Pitcher,P,Jose,Guedez,Gabriel,Guedez,M,Hernandez,True,False,R,Right,R,Right,Jose Guedez,jose-guedez-803247,Jose Guedez,"Guedez, Jose","Guedez, J",J Guedez,Jose Gabriel Guedez,"Guedez, Jose Gabriel",3.371,1.535,135,LVBP,/api/v1/league/135,17,/api/v1/sports/17,WIN,1,Pitcher,Pitcher,P,,,,,,,
500610,2024,1,1,N,696,Navegantes del Magallanes,/api/v1/teams/696,2024,2510,Estadio Jose Bernardo Perez,/api/v1/venues/2510,mag,t696,MAG,Navegantes,Valencia,2004,135,Liga Venezuela Beisbol Profesional,/api/v1/league/135,17,/api/v1/sports/17,Winter Leagues,Magallanes,Office of the Commissioner,11,Navegantes,Magallanes,True,Deolis Guerra,/api/v1/people/500610,Deolis,Guerra,35,1989-04-17,35,San Felix,Venezuela,"6' 5""",245,True,1,Pitcher,Pitcher,P,Deolis,Guerra,Alexander,Guerra,M,,True,True,R,Right,R,Right,Deolis Guerra,deolis-guerra-500610,Deolis Guerra,"Guerra, Deolis","Guerra, D",D Guerra,Deolis Alexander Guerra,"Guerra, Deolis Alexander",3.575,1.681,135,LVBP,/api/v1/league/135,17,/api/v1/sports/17,WIN,1,Pitcher,Pitcher,P,Largo,day-OH-lease,2015-06-27,,,,
448855,2024,1,1,N,696,Navegantes del Magallanes,/api/v1/teams/696,2024,2510,Estadio Jose Bernardo Perez,/api/v1/venues/2510,mag,t696,MAG,Navegantes,Valencia,2004,135,Liga Venezuela Beisbol Profesional,/api/v1/league/135,17,/api/v1/sports/17,Winter Leagues,Magallanes,Office of the Commissioner,11,Navegantes,Magallanes,True,Junior Guerra,/api/v1/people/448855,Junior,Guerra,41,1985-01-16,39,San Felix,VEN,"6' 0""",235,True,1,Pitcher,Pitcher,P,Junior,Guerra,J.,"Guerra, J",M,,True,True,R,Right,R,Right,Junior Guerra,junior-guerra-448855,Junior Guerra,"Guerra, Junior","Guerra, J",J Guerra,Junior J. Guerra,"Guerra, Junior J.",3.371,1.535,135,LVBP,/api/v1/league/135,17,/api/v1/sports/17,WIN,1,Pitcher,Pitcher,P,Cabezon,,2015-06-12,,,,
570145,2024,1,1,N,692,Aguilas del Zulia,/api/v1/teams/692,2024,3031,Estadio Luis Aparicio,/api/v1/venues/3031,zul,t692,ZUL,Aguilas,Maracaibo,2004,135,Liga Venezuela Beisbol Profesional,/api/v1/league/135,17,/api/v1/sports/17,Winter Leagues,Zulia,Office of the Commissioner,11,Aguilas,Zulia,True,Ismael Guillón,/api/v1/people/570145,Ismael,Guillón,74,1992-02-13,32,Valencia,Venezuela,"6' 2""",222,False,1,Pitcher,Pitcher,P,Ismael,Guillón,Jose,Guillón,M,Carache,True,True,L,Left,L,Left,Ismael Guillón,ismael-guillon-570145,Ismael Guillón,"Guillón, Ismael","Guillón, I",I Guillón,Ismael Jose Guillón,"Guillón, Ismael Jose",3.467,1.589,135,LVBP,/api/v1/league/135,17,/api/v1/sports/17,WIN,1,Pitcher,Pitcher,P,,gee-OWN,,,,,
621591,2024,1,77,N,695,Leones del Caracas,/api/v1/teams/695,2024,6015,Monumental Simon Bolivar,/api/v1/venues/6015,leo,t695,CAR,Leones,Caracas,2004,135,Liga Venezuela Beisbol Profesional,/api/v1/league/135,17,/api/v1/sports/17,Winter Leagues,Caracas,Office of the Commissioner,11,Leones,Caracas,True,Alfred Gutierrez,/api/v1/people/621591,Alfred,Gutierrez,80,1995-06-12,29,Nueva Esparta,Venezuela,"6' 1""",200,True,1,Pitcher,Pitcher,P,Alfred,Gutierrez,Samuel,"Gutierrez, A",M,,True,False,R,Right,R,Right,Alfred Gutierrez,alfred-gutierrez-621591,Alfred Gutierrez,"Gutierrez, Alfred","Gutierrez, A",A Gutierrez,Alfred Samuel Gutierrez,"Gutierrez, Alfred Samuel",3.411,1.565,135,LVBP,/api/v1/league/135,17,/api/v1/sports/17,WIN,1,Pitcher,Pitcher,P,,,,,,,
675842,2024,1,1,N,698,Tiburones de La Guaira,/api/v1/teams/698,2024,3029,Estadio Universitario,/api/v1/venues/3029,lag,t698,LAG,Tiburones,Caracas,2004,135,Liga Venezuela Beisbol Profesional,/api/v1/league/135,17,/api/v1/sports/17,Winter Leagues,La Guaira,Office of the Commissioner,11,Tiburones,La Guaira,True,Emilker Guzman,/api/v1/people/675842,Emilker,Guzman,96,1999-02-10,25,Caracas,Venezuela,"5' 10""",185,True,1,Pitcher,Pitcher,P,Emilker,Guzman,Jose,"Guzman, E",M,Beomon,True,True,R,Right,R,Right,Emilker Guzman,emilker-guzman-675842,Emilker Guzman,"Guzman, Emilker","Guzman, E",E Guzman,Emilker Jose Guzman,"Guzman, Emilker Jose",3.301,1.504,135,LVBP,/api/v1/league/135,17,/api/v1/sports/17,WIN,1,Pitcher,Pitcher,P,,,,,,,
665859,2024,1,64,N,695,Leones del Caracas,/api/v1/teams/695,2024,6015,Monumental Simon Bolivar,/api/v1/venues/6015,leo,t695,CAR,Leones,Caracas,2004,135,Liga Venezuela Beisbol Profesional,/api/v1/league/135,17,/api/v1/sports/17,Winter Leagues,Caracas,Office of the Commissioner,11,Leones,Caracas,True,Wilkel Hernandez,/api/v1/people/665859,Wilkel,Hernandez,85,1999-04-13,25,La Carlota,Venezuela,"6' 3""",195,True,1,Pitcher,Pitcher,P,Wilkel,Hernandez,Fernando,"Hernandez, W",M,Ramirez,True,False,R,Right,R,Right,Wilkel Hernandez,wilkel-hernandez-665859,Wilkel Hernandez,"Hernandez, Wilkel","Hernandez, W",W Hernandez,Wilkel Fernando Hernandez,"Hernandez, Wilkel Fernando",3.49,1.601,135,LVBP,/api/v1/league/135,17,/api/v1/sports/17,WIN,1,Pitcher,Pitcher,P,,,,,,,
678707,2024,1,1,N,694,Caribes de Anzoategui,/api/v1/teams/694,2024,3030,Estadio Alfonso Carrasquel,/api/v1/venues/3030,ori,t694,ORI,Caribes,Puerto La Cruz,2004,135,Liga Venezuela Beisbol Profesional,/api/v1/league/135,17,/api/v1/sports/17,Winter Leagues,Caribes,Office of the Commissioner,11,Caribes,Caribes,True,Cristian Hernandez,/api/v1/people/678707,Cristian,Hernandez,94,2000-09-23,24,Cumana,Venezuela,"6' 3""",180,True,1,Pitcher,Pitcher,P,Cristian,Hernandez,Gregorio,"Hernandez, Cr",M,Velasquez,True,False,R,Right,R,Right,Cristian Hernandez,cristian-hernandez-678707,Cristian Hernandez,"Hernandez, Cristian","Hernandez, C",C Hernandez,Cristian Gregorio Hernandez,"Hernandez, Cristian Gregorio",3.49,1.601,135,LVBP,/api/v1/league/135,17,/api/v1/sports/17,WIN,1,Pitcher,Pitcher,P,,,,,,,
696095,2024,1,1,N,696,Navegantes del Magallanes,/api/v1/teams/696,2024,2510,Estadio Jose Bernardo Perez,/api/v1/venues/2510,mag,t696,MAG,Navegantes,Valencia,2004,135,Liga Venezuela Beisbol Profesional,/api/v1/league/135,17,/api/v1/sports/17,Winter Leagues,Magallanes,Office of the Commissioner,11,Navegantes,Magallanes,True,Angel Hernandez,/api/v1/people/696095,Angel,Hernandez,,2000-05-06,24,Ciudad Bolivar,Venezuela,"6' 2""",180,True,1,Pitcher,Pitcher,P,Angel,Hernandez,Junior,"Hernandez, A",M,Hernandez,True,False,L,Left,L,Left,Angel Hernandez,angel-hernandez-696095,Angel Hernandez,"Hernandez, Angel","Hernandez, A",A Hernandez,Angel Junior Hernandez,"Hernandez, Angel Junior",3.467,1.589,135,LVBP,/api/v1/league/135,17,/api/v1/sports/17,WIN,1,Pitcher,Pitcher,P,,,,,,,
681619,2024,1,1,N,698,Tiburones de La Guaira,/api/v1/teams/698,2024,3029,Estadio Universitario,/api/v1/venues/3029,lag,t698,LAG,Tiburones,Caracas,2004,135,Liga Venezuela Beisbol Profesional,/api/v1/league/135,17,/api/v1/sports/17,Winter Leagues,La Guaira,Office of the Commissioner,11,Tiburones,La Guaira,True,Robinson Hernandez,/api/v1/people/681619,Robinson,Hernandez,,1999-06-11,25,Tucacas,Venezuela,"6' 0""",186,True,1,Pitcher,Pitcher,P,Robinson,Hernandez,Yosue,"Hernandez, R",M,Navarro,True,False,R,Right,R,Right,Robinson Hernandez,robinson-hernandez-681619,Robinson Hernandez,"Hernandez, Robinson","Hernandez, R",R Hernandez,Robinson Yosue Hernandez,"Hernandez, Robinson Yosue",3.371,1.535,135,LVBP,/api/v1/league/135,17,/api/v1/sports/17,WIN,1,Pitcher,Pitcher,P,,,,,,,
678973,2024,1,94,N,699,Tigres de Aragua,/api/v1/teams/699,2024,2913,Estadio Jose Perez Colmenares,/api/v1/venues/2913,ara,t699,ARA,Tigres,Maracay,2004,135,Liga Venezuela Beisbol Profesional,/api/v1/league/135,17,/api/v1/sports/17,Winter Leagues,Aragua,Office of the Commissioner,11,Tigres,Aragua,True,Eiker Huizi,/api/v1/people/678973,Eiker,Huizi,,2000-09-24,24,Caracas,Venezuela,"6' 0""",155,True,1,Pitcher,Pitcher,P,Eiker,Huizi,Enrique,Huizi,M,Vasquez,True,True,R,Right,R,Right,Eiker Huizi,eiker-huizi-678973,Eiker Huizi,"Huizi, Eiker","Huizi, E",E Huizi,Eiker Enrique Huizi,"Huizi, Eiker Enrique",3.371,1.535,135,LVBP,/api/v1/league/135,17,/api/v1/sports/17,WIN,1,Pitcher,Pitcher,P,,,,,,,
621594,2024,1,1,N,698,Tiburones de La Guaira,/api/v1/teams/698,2024,3029,Estadio Universitario,/api/v1/venues/3029,lag,t698,LAG,Tiburones,Caracas,2004,135,Liga Venezuela Beisbol Profesional,/api/v1/league/135,17,/api/v1/sports/17,Winter Leagues,La Guaira,Office of the Commissioner,11,Tiburones,La Guaira,True,Eudis Idrogo,/api/v1/people/621594,Eudis,Idrogo,89,1995-06-06,29,Anzoategui,Venezuela,"6' 1""",198,True,1,Pitcher,Pitcher,P,Eudis,Idrogo,Joel,Idrogo,M,,True,True,L,Left,L,Left,Eudis Idrogo,eudis-idrogo-621594,Eudis Idrogo,"Idrogo, Eudis","Idrogo, E",E Idrogo,Eudis Joel Idrogo,"Idrogo, Eudis Joel",3.411,1.565,135,LVBP,/api/v1/league/135,17,/api/v1/sports/17,WIN,1,Pitcher,Pitcher,P,,,,,,,
500872,2024,1,1,N,692,Aguilas del Zulia,/api/v1/teams/692,2024,3031,Estadio Luis Aparicio,/api/v1/venues/3031,zul,t692,ZUL,Aguilas,Maracaibo,2004,135,Liga Venezuela Beisbol Profesional,/api/v1/league/135,17,/api/v1/sports/17,Winter Leagues,Zulia,Office of the Commissioner,11,Aguilas,Zulia,True,Gregory Infante,/api/v1/people/500872,Gregory,Infante,53,1987-07-10,37,Caracas,Venezuela,"6' 1""",200,True,1,Pitcher,Pitcher,P,Gregory,Infante,Alexander,"Infante, G",M,,True,True,R,Right,R,Right,Gregory Infante,gregory-infante-500872,Gregory Infante,"Infante, Gregory","Infante, G",G Infante,Gregory Alexander Infante,"Infante, Gregory Alexander",3.411,1.565,135,LVBP,/api/v1/league/135,17,/api/v1/sports/17,WIN,1,Pitcher,Pitcher,P,El Meteorico,,2010-09-07,,,,
642381,2024,1,1,N,697,Bravos de Margarita,/api/v1/teams/697,2024,3349,Estadio Nueva Esparta,/api/v1/venues/3349,mar,t697,MAR,Bravos,Porlamar,2004,135,Liga Venezuela Beisbol Profesional,/api/v1/league/135,17,/api/v1/sports/17,Winter Leagues,Margarita,Office of the Commissioner,11,Bravos,Margarita,True,Dedgar Jimenez,/api/v1/people/642381,Dedgar,Jimenez,53,1996-03-06,28,Araure,Venezuela,"6' 3""",240,True,1,Pitcher,Pitcher,P,Dedgar,Jimenez,Alfonzo,"Jimenez, D",M,Gallardo,True,True,L,Left,L,Left,Dedgar Jimenez,dedgar-jimenez-642381,Dedgar Jimenez,"Jimenez, Dedgar","Jimenez, D",D Jimenez,Dedgar Alfonzo Jimenez,"Jimenez, Dedgar Alfonzo",3.49,1.601,135,LVBP,/api/v1/league/135,17,/api/v1/sports/17,WIN,1,Pitcher,Pitcher,P,,,,,,,
650492,2024,1,1,N,692,Aguilas del Zulia,/api/v1/teams/692,2024,3031,Estadio Luis Aparicio,/api/v1/venues/3031,zul,t692,ZUL,Aguilas,Maracaibo,2004,135,Liga Venezuela Beisbol Profesional,/api/v1/league/135,17,/api/v1/sports/17,Winter Leagues,Zulia,Office of the Commissioner,11,Aguilas,Zulia,True,Domingo Jimenez,/api/v1/people/650492,Domingo,Jimenez,49,1993-08-29,31,San Cristobal,Dominican Republic,"6' 3""",175,True,1,Pitcher,Pitcher,P,Domingo,Jimenez,,"Jimenez, D",M,,True,False,R,Right,R,Right,Domingo Jimenez,domingo-jimenez-650492,Domingo Jimenez,"Jimenez, Domingo","Jimenez, D",D Jimenez,Domingo Jimenez,"Jimenez, Domingo",3.49,1.601,135,LVBP,/api/v1/league/135,17,/api/v1/sports/17,WIN,1,Pitcher,Pitcher,P,,,,,,,
621592,2024,1,1,N,692,Aguilas del Zulia,/api/v1/teams/692,2024,3031,Estadio Luis Aparicio,/api/v1/venues/3031,zul,t692,ZUL,Aguilas,Maracaibo,2004,135,Liga Venezuela Beisbol Profesional,/api/v1/league/135,17,/api/v1/sports/17,Winter Leagues,Zulia,Office of the Commissioner,11,Aguilas,Zulia,True,Eduardo Jiménez,/api/v1/people/621592,Eduardo,Jiménez,65,1995-04-04,29,Araya,Venezuela,"6' 2""",215,True,1,Pitcher,Pitcher,P,Eduardo,Jiménez,Rafael,"Jimenez, E",M,,True,False,R,Right,R,Right,Eduardo Jiménez,eduardo-jimenez-621592,Eduardo Jiménez,"Jiménez, Eduardo","Jiménez, E",E Jimenez,Eduardo Rafael Jiménez,"Jiménez, Eduardo Rafael",3.467,1.589,135,LVBP,/api/v1/league/135,17,/api/v1/sports/17,WIN,1,Pitcher,Pitcher,P,Jimmy,,2019-05-07,,,,
660734,2024,1,1,N,697,Bravos de Margarita,/api/v1/teams/697,2024,3349,Estadio Nueva Esparta,/api/v1/venues/3349,mar,t697,MAR,Bravos,Porlamar,2004,135,Liga Venezuela Beisbol Profesional,/api/v1/league/135,17,/api/v1/sports/17,Winter Leagues,Margarita,Office of the Commissioner,11,Bravos,Margarita,True,Jesus Lage,/api/v1/people/660734,Jesus,Lage,93,1997-12-01,26,Valencia,Venezuela,"6' 1""",155,True,6,Shortstop,Infielder,SS,Jesus,Lage,Alejandro,Lage,M,Siso,True,True,S,Switch,R,Right,Jesus Lage,jesus-lage-660734,Jesus Lage,"Lage, Jesus","Lage, J",J Lage,Jesus Alejandro Lage,"Lage, Jesus Alejandro",3.411,1.565,135,LVBP,/api/v1/league/135,17,/api/v1/sports/17,WIN,6,Shortstop,Infielder,SS,,,,,,,
642582,2024,1,1,N,697,Bravos de Margarita,/api/v1/teams/697,2024,3349,Estadio Nueva Esparta,/api/v1/venues/3349,mar,t697,MAR,Bravos,Porlamar,2004,135,Liga Venezuela Beisbol Profesional,/api/v1/league/135,17,/api/v1/sports/17,Winter Leagues,Margarita,Office of the Commissioner,11,Bravos,Margarita,True,Werner Leal,/api/v1/people/642582,Werner,Leal,,1995-07-08,29,Puerto Cabello,Venezuela,"6' 1""",160,True,1,Pitcher,Pitcher,P,Werner,Leal,Jose,"Leal, W",M,Leal,True,True,R,Right,R,Right,Werner Leal,werner-leal-642582,Werner Leal,"Leal, Werner","Leal, W",W Leal,Werner Jose Leal,"Leal, Werner Jose",3.411,1.565,135,LVBP,/api/v1/league/135,17,/api/v1/sports/17,WIN,1,Pitcher,Pitcher,P,,,,,,,
606140,2024,1,62,N,692,Aguilas del Zulia,/api/v1/teams/692,2024,3031,Estadio Luis Aparicio,/api/v1/venues/3031,zul,t692,ZUL,Aguilas,Maracaibo,2004,135,Liga Venezuela Beisbol Profesional,/api/v1/league/135,17,/api/v1/sports/17,Winter Leagues,Zulia,Office of the Commissioner,11,Aguilas,Zulia,True,Aliangel Lopez,/api/v1/people/606140,Aliangel,Lopez,,1994-02-18,30,El Tigre,Venezuela,"6' 1""",175,True,1,Pitcher,Pitcher,P,Aliangel,Lopez,Frank,"Lopez, A",M,Guerra,True,True,L,Left,L,Left,Aliangel Lopez,aliangel-lopez-606140,Aliangel Lopez,"Lopez, Aliangel","Lopez, A",A Lopez,Aliangel Frank Lopez,"Lopez, Aliangel Frank",3.411,1.565,135,LVBP,/api/v1/league/135,17,/api/v1/sports/17,WIN,1,Pitcher,Pitcher,P,,,,,,,
682845,2024,1,1,N,695,Leones del Caracas,/api/v1/teams/695,2024,6015,Monumental Simon Bolivar,/api/v1/venues/6015,leo,t695,CAR,Leones,Caracas,2004,135,Liga Venezuela Beisbol Profesional,/api/v1/league/135,17,/api/v1/sports/17,Winter Leagues,Caracas,Office of the Commissioner,11,Leones,Caracas,True,Rito Lugo,/api/v1/people/682845,Rito,Lugo,,1995-11-03,28,Naiguata,Venezuela,"5' 10""",185,True,1,Pitcher,Pitcher,P,Rito,Lugo,Alberto Manaure,Lugo,M,Guerra,True,True,L,Left,L,Left,Rito Lugo,rito-lugo-682845,Rito Lugo,"Lugo, Rito","Lugo, R",R Lugo,Rito Alberto Manaure Lugo,"Lugo, Rito Alberto Manaure",3.301,1.504,135,LVBP,/api/v1/league/135,17,/api/v1/sports/17,WIN,1,Pitcher,Pitcher,P,,,,,,,
680632,2024,1,89,N,694,Caribes de Anzoategui,/api/v1/teams/694,2024,3030,Estadio Alfonso Carrasquel,/api/v1/venues/3030,ori,t694,ORI,Caribes,Puerto La Cruz,2004,135,Liga Venezuela Beisbol Profesional,/api/v1/league/135,17,/api/v1/sports/17,Winter Leagues,Caribes,Office of the Commissioner,11,Caribes,Caribes,True,Rafael Marcano,/api/v1/people/680632,Rafael,Marcano,,2000-04-20,24,Punta Cardon,Venezuela,"6' 1""",170,True,1,Pitcher,Pitcher,P,Rafael,Marcano,Alfonso,Marcano,M,Ochoa,True,True,L,Left,L,Left,Rafael Marcano,rafael-marcano-680632,Rafael Marcano,"Marcano, Rafael","Marcano, R",R Marcano,Rafael Alfonso Marcano,"Marcano, Rafael Alfonso",3.411,1.565,135,LVBP,/api/v1/league/135,17,/api/v1/sports/17,WIN,1,Pitcher,Pitcher,P,,,,,,,
644403,2024,1,1,N,696,Navegantes del Magallanes,/api/v1/teams/696,2024,2510,Estadio Jose Bernardo Perez,/api/v1/venues/2510,mag,t696,MAG,Navegantes,Valencia,2004,135,Liga Venezuela Beisbol Profesional,/api/v1/league/135,17,/api/v1/sports/17,Winter Leagues,Magallanes,Office of the Commissioner,11,Navegantes,Magallanes,True,Luis Martinez,/api/v1/people/644403,Luis,Martinez,97,1995-01-29,29,Carupano,Venezuela,"6' 6""",200,True,1,Pitcher,Pitcher,P,Luis,Martinez,,"Martinez, L",M,Mendez,True,False,R,Right,R,Right,Luis Martinez,luis-martinez-644403,Luis Martinez,"Martinez, Luis","Martinez, L",L Martinez,Luis Martinez,"Martinez, Luis",3.656,1.677,135,LVBP,/api/v1/league/135,17,/api/v1/sports/17,WIN,1,Pitcher,Pitcher,P,,,,,,,
641849,2024,1,64,N,698,Tiburones de La Guaira,/api/v1/teams/698,2024,3029,Estadio Universitario,/api/v1/venues/3029,lag,t698,LAG,Tiburones,Caracas,2004,135,Liga Venezuela Beisbol Profesional,/api/v1/league/135,17,/api/v1/sports/17,Winter Leagues,La Guaira,Office of the Commissioner,11,Tiburones,La Guaira,True,Aaron McGarity,/api/v1/people/641849,Aaron,McGarity,91,1995-01-31,29,Richmond,USA,"6' 3""",185,True,1,Pitcher,Pitcher,P,Aaron,McGarity,Jones,McGarity,M,,True,False,R,Right,R,Right,Aaron McGarity,aaron-mcgarity-641849,Aaron McGarity,"McGarity, Aaron","McGarity, A",A McGarity,Aaron Jones McGarity,"McGarity, Aaron Jones",3.49,1.601,135,LVBP,/api/v1/league/135,17,/api/v1/sports/17,WIN,1,Pitcher,Pitcher,P,,,,VA,2017.0,,
691869,2024,1,1,N,693,Cardenales de Lara,/api/v1/teams/693,2024,3032,Estadio Antonio Herrera Gutierrez,/api/v1/venues/3032,lar,t693,LAR,Cardenales,Barquisimeto,2004,135,Liga Venezuela Beisbol Profesional,/api/v1/league/135,17,/api/v1/sports/17,Winter Leagues,Lara,Office of the Commissioner,11,Cardenales,Lara,True,Brian McKenna,/api/v1/people/691869,Brian,McKenna,97,1992-11-19,31,New York,USA,"6' 0""",202,True,1,Pitcher,Pitcher,P,Brian,McKenna,,McKenna,M,,True,True,R,Right,R,Right,Brian McKenna,brian-mckenna-691869,Brian McKenna,"McKenna, Brian","McKenna, B",B McKenna,Brian  McKenna,"McKenna, Brian ",3.371,1.535,135,LVBP,/api/v1/league/135,17,/api/v1/sports/17,WIN,1,Pitcher,Pitcher,P,,,,NY,,,
671781,2024,1,74,N,699,Tigres de Aragua,/api/v1/teams/699,2024,2913,Estadio Jose Perez Colmenares,/api/v1/venues/2913,ara,t699,ARA,Tigres,Maracay,2004,135,Liga Venezuela Beisbol Profesional,/api/v1/league/135,17,/api/v1/sports/17,Winter Leagues,Aragua,Office of the Commissioner,11,Tigres,Aragua,True,Christian Mejias,/api/v1/people/671781,Christian,Mejias,82,1999-05-19,25,Valencia,Venezuela,"6' 0""",160,True,1,Pitcher,Pitcher,P,Christian,Mejias,Josuel,Mejias,M,Cordero,True,False,R,Right,R,Right,Christian Mejias,christian-mejias-671781,Christian Mejias,"Mejias, Christian","Mejias, C",C Mejias,Christian Josuel Mejias,"Mejias, Christian Josuel",3.371,1.535,135,LVBP,/api/v1/league/135,17,/api/v1/sports/17,WIN,1,Pitcher,Pitcher,P,,,,,,,
678287,2024,1,89,N,692,Aguilas del Zulia,/api/v1/teams/692,2024,3031,Estadio Luis Aparicio,/api/v1/venues/3031,zul,t692,ZUL,Aguilas,Maracaibo,2004,135,Liga Venezuela Beisbol Profesional,/api/v1/league/135,17,/api/v1/sports/17,Winter Leagues,Zulia,Office of the Commissioner,11,Aguilas,Zulia,True,Alejandro Melean,/api/v1/people/678287,Alejandro,Melean,97,2000-10-11,24,Maracaibo,Venezuela,"6' 0""",175,True,1,Pitcher,Pitcher,P,Alejandro,Melean,Jesus,Melean,M,Martinez,True,True,R,Right,R,Right,Alejandro Melean,alejandro-melean-678287,Alejandro Melean,"Melean, Alejandro","Melean, A",A Melean,Alejandro Jesus Melean,"Melean, Alejandro Jesus",3.371,1.535,135,LVBP,/api/v1/league/135,17,/api/v1/sports/17,WIN,1,Pitcher,Pitcher,P,,,,,,,
621089,2024,1,67,N,697,Bravos de Margarita,/api/v1/teams/697,2024,3349,Estadio Nueva Esparta,/api/v1/venues/3349,mar,t697,MAR,Bravos,Porlamar,2004,135,Liga Venezuela Beisbol Profesional,/api/v1/league/135,17,/api/v1/sports/17,Winter Leagues,Margarita,Office of the Commissioner,11,Bravos,Margarita,True,José Mesa Jr.,/api/v1/people/621089,José,Mesa,,1993-08-13,31,Miramar,USA,"6' 4""",215,True,1,Pitcher,Pitcher,P,José,Mesa Jr.,Ramon,Mesa Jr.,M,,True,True,R,Right,R,Right,José Mesa Jr.,jose-mesa-jr-621089,José Mesa Jr.,"Mesa Jr., José","Mesa Jr., J",J Mesa Jr.,José Ramon Mesa Jr.,"Mesa Jr., José Ramon",3.549,1.627,135,LVBP,/api/v1/league/135,17,/api/v1/sports/17,WIN,1,Pitcher,Pitcher,P,,,,FL,2012.0,Jr.,Jr.
591672,2024,1,60,N,697,Bravos de Margarita,/api/v1/teams/697,2024,3349,Estadio Nueva Esparta,/api/v1/venues/3349,mar,t697,MAR,Bravos,Porlamar,2004,135,Liga Venezuela Beisbol Profesional,/api/v1/league/135,17,/api/v1/sports/17,Winter Leagues,Margarita,Office of the Commissioner,11,Bravos,Margarita,True,Osmer Morales,/api/v1/people/591672,Osmer,Morales,73,1992-10-30,31,Villa de Cura,Venezuela,"6' 3""",196,True,1,Pitcher,Pitcher,P,Osmer,Morales,Eduardo,"Morales, O",M,,True,False,R,Right,R,Right,Osmer Morales,osmer-morales-591672,Osmer Morales,"Morales, Osmer","Morales, O",O Morales,Osmer Eduardo Morales,"Morales, Osmer Eduardo",3.49,1.601,135,LVBP,/api/v1/league/135,17,/api/v1/sports/17,WIN,1,Pitcher,Pitcher,P,,,2018-08-16,,,,
678981,2024,1,77,N,694,Caribes de Anzoategui,/api/v1/teams/694,2024,3030,Estadio Alfonso Carrasquel,/api/v1/venues/3030,ori,t694,ORI,Caribes,Puerto La Cruz,2004,135,Liga Venezuela Beisbol Profesional,/api/v1/league/135,17,/api/v1/sports/17,Winter Leagues,Caribes,Office of the Commissioner,11,Caribes,Caribes,True,Williander Moreno,/api/v1/people/678981,Williander,Moreno,94,1999-03-13,25,Distrito Girardot,Venezuela,"6' 0""",160,True,1,Pitcher,Pitcher,P,Williander,Moreno,Jose,Moreno,M,Gomez,True,False,R,Right,R,Right,Williander Moreno,williander-moreno-678981,Williander Moreno,"Moreno, Williander","Moreno, W",W Moreno,Williander Jose Moreno,"Moreno, Williander Jose",3.371,1.535,135,LVBP,/api/v1/league/135,17,/api/v1/sports/17,WIN,1,Pitcher,Pitcher,P,,,,,,,
666661,2024,1,100,N,692,Aguilas del Zulia,/api/v1/teams/692,2024,3031,Estadio Luis Aparicio,/api/v1/venues/3031,zul,t692,ZUL,Aguilas,Maracaibo,2004,135,Liga Venezuela Beisbol Profesional,/api/v1/league/135,17,/api/v1/sports/17,Winter Leagues,Zulia,Office of the Commissioner,11,Aguilas,Zulia,True,Juan Morillo,/api/v1/people/666661,Juan,Morillo,91,1999-03-19,25,Maracaibo,Venezuela,"6' 1""",150,True,1,Pitcher,Pitcher,P,Juan,Morillo,Diego,Morillo,M,Gutierrez,True,True,R,Right,R,Right,Juan Morillo,juan-morillo-666661,Juan Morillo,"Morillo, Juan","Morillo, J",J Morillo,Juan Diego Morillo,"Morillo, Juan Diego",3.411,1.565,135,LVBP,/api/v1/league/135,17,/api/v1/sports/17,WIN,1,Pitcher,Pitcher,P,,,,,,,
699215,2024,1,1,N,698,Tiburones de La Guaira,/api/v1/teams/698,2024,3029,Estadio Universitario,/api/v1/venues/3029,lag,t698,LAG,Tiburones,Caracas,2004,135,Liga Venezuela Beisbol Profesional,/api/v1/league/135,17,/api/v1/sports/17,Winter Leagues,La Guaira,Office of the Commissioner,11,Tiburones,La Guaira,True,Alberto Mota,/api/v1/people/699215,Alberto,Mota,49,2003-02-17,21,Maracay,Venezuela,"5' 11""",170,True,1,Pitcher,Pitcher,P,Alberto,Mota,Rafael,Mota,M,Velasquez,True,True,R,Right,R,Right,Alberto Mota,alberto-mota-699215,Alberto Mota,"Mota, Alberto","Mota, A",A Mota,Alberto Rafael Mota,"Mota, Alberto Rafael",3.319,1.513,135,LVBP,/api/v1/league/135,17,/api/v1/sports/17,WIN,1,Pitcher,Pitcher,P,,,,,,,
622795,2024,1,60,N,696,Navegantes del Magallanes,/api/v1/teams/696,2024,2510,Estadio Jose Bernardo Perez,/api/v1/venues/2510,mag,t696,MAG,Navegantes,Valencia,2004,135,Liga Venezuela Beisbol Profesional,/api/v1/league/135,17,/api/v1/sports/17,Winter Leagues,Magallanes,Office of the Commissioner,11,Navegantes,Magallanes,True,Yohander Méndez,/api/v1/people/622795,Yohander,Méndez,74,1995-01-17,29,Valencia,VEN,"6' 4""",230,True,1,Pitcher,Pitcher,P,Yohander,Méndez,Manuel,"Méndez, Y",M,Ortega,True,True,L,Left,L,Left,Yohander Méndez,yohander-mendez-622795,Yohander Méndez,"Méndez, Yohander","Méndez, Y",Y Méndez,Yohander Manuel Méndez,"Méndez, Yohander Manuel",3.549,1.627,135,LVBP,/api/v1/league/135,17,/api/v1/sports/17,WIN,1,Pitcher,Pitcher,P,,,2016-09-05,,,,
593163,2024,1,1,N,697,Bravos de Margarita,/api/v1/teams/697,2024,3349,Estadio Nueva Esparta,/api/v1/venues/3349,mar,t697,MAR,Bravos,Porlamar,2004,135,Liga Venezuela Beisbol Profesional,/api/v1/league/135,17,/api/v1/sports/17,Winter Leagues,Margarita,Office of the Commissioner,11,Bravos,Margarita,True,Carlos Navas,/api/v1/people/593163,Carlos,Navas,,1992-08-13,32,Puerto Cabello,Venezuela,"6' 0""",215,True,1,Pitcher,Pitcher,P,Carlos,Navas,Manuel,"Navas, C",M,,True,False,R,Right,R,Right,Carlos Navas,carlos-navas-593163,Carlos Navas,"Navas, Carlos","Navas, C",C Navas,Carlos Manuel Navas,"Navas, Carlos Manuel",3.371,1.535,135,LVBP,/api/v1/league/135,17,/api/v1/sports/17,WIN,1,Pitcher,Pitcher,P,,,,,,,
594582,2024,1,72,N,699,Tigres de Aragua,/api/v1/teams/699,2024,2913,Estadio Jose Perez Colmenares,/api/v1/venues/2913,ara,t699,ARA,Tigres,Maracay,2004,135,Liga Venezuela Beisbol Profesional,/api/v1/league/135,17,/api/v1/sports/17,Winter Leagues,Aragua,Office of the Commissioner,11,Tigres,Aragua,True,Yoanner Negrin,/api/v1/people/594582,Yoanner,Negrin,99,1984-04-29,40,Havana,Cuba,"5' 11""",190,True,1,Pitcher,Pitcher,P,Yoanner,Negrin,,Negrin,M,Perez,True,True,R,Right,R,Right,Yoanner Negrin,yoanner-negrin-594582,Yoanner Negrin,"Negrin, Yoanner","Negrin, Y",Y Negrin,Yoanner Negrin,"Negrin, Yoanner",3.319,1.513,135,LVBP,/api/v1/league/135,17,/api/v1/sports/17,WIN,1,Pitcher,Pitcher,P,,,,,,,
642657,2024,1,77,N,696,Navegantes del Magallanes,/api/v1/teams/696,2024,2510,Estadio Jose Bernardo Perez,/api/v1/venues/2510,mag,t696,MAG,Navegantes,Valencia,2004,135,Liga Venezuela Beisbol Profesional,/api/v1/league/135,17,/api/v1/sports/17,Winter Leagues,Magallanes,Office of the Commissioner,11,Navegantes,Magallanes,True,Cristofer Ogando,/api/v1/people/642657,Cristofer,Ogando,75,1993-10-23,30,Santo Domingo,Dominican Republic,"6' 3""",195,True,1,Pitcher,Pitcher,P,Cristofer,Ogando,Jesus,Ogando,M,Poche,True,True,R,Right,R,Right,Cristofer Ogando,cristofer-ogando-642657,Cristofer Ogando,"Ogando, Cristofer","Ogando, C",C Ogando,Cristofer Jesus Ogando,"Ogando, Cristofer Jesus",3.49,1.601,135,LVBP,/api/v1/league/135,17,/api/v1/sports/17,WIN,1,Pitcher,Pitcher,P,,,2022-07-03,,,,
666007,2024,1,74,N,694,Caribes de Anzoategui,/api/v1/teams/694,2024,3030,Estadio Alfonso Carrasquel,/api/v1/venues/3030,ori,t694,ORI,Caribes,Puerto La Cruz,2004,135,Liga Venezuela Beisbol Profesional,/api/v1/league/135,17,/api/v1/sports/17,Winter Leagues,Caribes,Office of the Commissioner,11,Caribes,Caribes,True,Deyni Olivero,/api/v1/people/666007,Deyni,Olivero,19,1998-01-07,26,Santo Domingo,Dominican Republic,"6' 1""",165,True,1,Pitcher,Pitcher,P,Deyni,Olivero,Raymundo,Olivero,M,De Oleo,True,False,R,Right,R,Right,Deyni Olivero,deyni-olivero-666007,Deyni Olivero,"Olivero, Deyni","Olivero, D",D Olivero,Deyni Raymundo Olivero,"Olivero, Deyni Raymundo",3.411,1.565,135,LVBP,/api/v1/league/135,17,/api/v1/sports/17,WIN,1,Pitcher,Pitcher,P,,,,,,,
570502,2024,1,87,N,694,Caribes de Anzoategui,/api/v1/teams/694,2024,3030,Estadio Alfonso Carrasquel,/api/v1/venues/3030,ori,t694,ORI,Caribes,Puerto La Cruz,2004,135,Liga Venezuela Beisbol Profesional,/api/v1/league/135,17,/api/v1/sports/17,Winter Leagues,Caribes,Office of the Commissioner,11,Caribes,Caribes,True,Loiger Padron,/api/v1/people/570502,Loiger,Padron,,1991-01-31,33,Puerto Ordaz,Venezuela,"6' 0""",180,True,1,Pitcher,Pitcher,P,Loiger,Padron,Luis,"Padron, L",M,Guzman,True,True,R,Right,R,Right,Loiger Padron,loiger-padron-570502,Loiger Padron,"Padron, Loiger","Padron, L",L Padron,Loiger Luis Padron,"Padron, Loiger Luis",3.371,1.535,135,LVBP,/api/v1/league/135,17,/api/v1/sports/17,WIN,1,Pitcher,Pitcher,P,,,,,,,
694037,2024,1,91,N,696,Navegantes del Magallanes,/api/v1/teams/696,2024,2510,Estadio Jose Bernardo Perez,/api/v1/venues/2510,mag,t696,MAG,Navegantes,Valencia,2004,135,Liga Venezuela Beisbol Profesional,/api/v1/league/135,17,/api/v1/sports/17,Winter Leagues,Magallanes,Office of the Commissioner,11,Navegantes,Magallanes,True,Daniel Palencia,/api/v1/people/694037,Daniel,Palencia,48,2000-02-05,24,San Carlos,Venezuela,"5' 11""",160,True,1,Pitcher,Pitcher,P,Daniel,Palencia,Jesus,"Palencia, D",M,Silva,True,True,R,Right,R,Right,Daniel Palencia,daniel-palencia-694037,Daniel Palencia,"Palencia, Daniel","Palencia, D",D Palencia,Daniel Jesus Palencia,"Palencia, Daniel Jesus",3.319,1.513,135,LVBP,/api/v1/league/135,17,/api/v1/sports/17,WIN,1,Pitcher,Pitcher,P,,,2023-07-04,,,,
696037,2024,1,1,N,696,Navegantes del Magallanes,/api/v1/teams/696,2024,2510,Estadio Jose Bernardo Perez,/api/v1/venues/2510,mag,t696,MAG,Navegantes,Valencia,2004,135,Liga Venezuela Beisbol Profesional,/api/v1/league/135,17,/api/v1/sports/17,Winter Leagues,Magallanes,Office of the Commissioner,11,Navegantes,Magallanes,True,Brayan Palencia,/api/v1/people/696037,Brayan,Palencia,,2003-01-14,21,San Felipe,Venezuela,"5' 11""",142,True,1,Pitcher,Pitcher,P,Brayan,Palencia,Alejandro,"Palencia, B",M,Ramirez,True,False,R,Right,R,Right,Brayan Palencia,brayan-palencia-696037,Brayan Palencia,"Palencia, Brayan","Palencia, B",B Palencia,Brayan Alejandro Palencia,"Palencia, Brayan Alejandro",3.319,1.513,135,LVBP,/api/v1/league/135,17,/api/v1/sports/17,WIN,1,Pitcher,Pitcher,P,,,,,,,
660671,2024,1,1,N,694,Caribes de Anzoategui,/api/v1/teams/694,2024,3030,Estadio Alfonso Carrasquel,/api/v1/venues/3030,ori,t694,ORI,Caribes,Puerto La Cruz,2004,135,Liga Venezuela Beisbol Profesional,/api/v1/league/135,17,/api/v1/sports/17,Winter Leagues,Caribes,Office of the Commissioner,11,Caribes,Caribes,True,Yorvin Pantoja,/api/v1/people/660671,Yorvin,Pantoja,89,1997-09-22,27,Caruao,Venezuela,"5' 11""",175,True,1,Pitcher,Pitcher,P,Yorvin,Pantoja,Wilker,"Pantoja, Y",M,Gonzalez,True,False,L,Left,L,Left,Yorvin Pantoja,yorvin-pantoja-660671,Yorvin Pantoja,"Pantoja, Yorvin","Pantoja, Y",Y Pantoja,Yorvin Wilker Pantoja,"Pantoja, Yorvin Wilker",3.319,1.513,135,LVBP,/api/v1/league/135,17,/api/v1/sports/17,WIN,1,Pitcher,Pitcher,P,,,,,,,
622161,2024,1,77,N,698,Tiburones de La Guaira,/api/v1/teams/698,2024,3029,Estadio Universitario,/api/v1/venues/3029,lag,t698,LAG,Tiburones,Caracas,2004,135,Liga Venezuela Beisbol Profesional,/api/v1/league/135,17,/api/v1/sports/17,Winter Leagues,La Guaira,Office of the Commissioner,11,Tiburones,La Guaira,True,Eduardo Paredes,/api/v1/people/622161,Eduardo,Paredes,72,1995-03-06,29,Valera,Venezuela,"6' 1""",250,True,1,Pitcher,Pitcher,P,Eduardo,Paredes,Jose,"Paredes, E",M,Duran,True,False,R,Right,R,Right,Eduardo Paredes,eduardo-paredes-622161,Eduardo Paredes,"Paredes, Eduardo","Paredes, E",E Paredes,Eduardo Jose Paredes,"Paredes, Eduardo Jose",3.411,1.565,135,LVBP,/api/v1/league/135,17,/api/v1/sports/17,WIN,1,Pitcher,Pitcher,P,,,2017-06-23,,,,
640959,2024,1,67,N,696,Navegantes del Magallanes,/api/v1/teams/696,2024,2510,Estadio Jose Bernardo Perez,/api/v1/venues/2510,mag,t696,MAG,Navegantes,Valencia,2004,135,Liga Venezuela Beisbol Profesional,/api/v1/league/135,17,/api/v1/sports/17,Winter Leagues,Magallanes,Office of the Commissioner,11,Navegantes,Magallanes,True,Jesus Paricaguan,/api/v1/people/640959,Jesus,Paricaguan,,1995-12-03,28,Barcelona,Venezuela,"6' 0""",165,True,1,Pitcher,Pitcher,P,Jesus,Paricaguan,Alirio,Paricaguan,M,Zacarias,True,True,R,Right,R,Right,Jesus Paricaguan,jesus-paricaguan-640959,Jesus Paricaguan,"Paricaguan, Jesus","Paricaguan, J",J Paricaguan,Jesus Alirio Paricaguan,"Paricaguan, Jesus Alirio",3.371,1.535,135,LVBP,/api/v1/league/135,17,/api/v1/sports/17,WIN,1,Pitcher,Pitcher,P,,,,Anzoategui,,,
668761,2024,1,1,N,695,Leones del Caracas,/api/v1/teams/695,2024,6015,Monumental Simon Bolivar,/api/v1/venues/6015,leo,t695,CAR,Leones,Caracas,2004,135,Liga Venezuela Beisbol Profesional,/api/v1/league/135,17,/api/v1/sports/17,Winter Leagues,Caracas,Office of the Commissioner,11,Leones,Caracas,True,Colin Peluse,/api/v1/people/668761,Colin,Peluse,95,1998-06-11,26,Baltimore,USA,"6' 3""",230,True,1,Pitcher,Pitcher,P,Colin,Peluse,Robert,Peluse,M,,True,True,R,Right,R,Right,Colin Peluse,colin-peluse-668761,Colin Peluse,"Peluse, Colin","Peluse, C",C Peluse,Colin Robert Peluse,"Peluse, Colin Robert",3.49,1.601,135,LVBP,/api/v1/league/135,17,/api/v1/sports/17,WIN,1,Pitcher,Pitcher,P,,,,MD,2019.0,,
686402,2024,1,1,N,698,Tiburones de La Guaira,/api/v1/teams/698,2024,3029,Estadio Universitario,/api/v1/venues/3029,lag,t698,LAG,Tiburones,Caracas,2004,135,Liga Venezuela Beisbol Profesional,/api/v1/league/135,17,/api/v1/sports/17,Winter Leagues,La Guaira,Office of the Commissioner,11,Tiburones,La Guaira,True,Jonathan Petit,/api/v1/people/686402,Jonathan,Petit,,2001-04-19,23,Valencia,Venezuela,"6' 2""",174,True,1,Pitcher,Pitcher,P,Jonathan,Petit,,Petit,M,Petit,True,True,R,Right,R,Right,Jonathan Petit,jonathan-petit-686402,Jonathan Petit,"Petit, Jonathan","Petit, J",J Petit,Jonathan  Petit,"Petit, Jonathan ",3.467,1.589,135,LVBP,/api/v1/league/135,17,/api/v1/sports/17,WIN,1,Pitcher,Pitcher,P,,,,,,,
678789,2024,1,93,N,695,Leones del Caracas,/api/v1/teams/695,2024,6015,Monumental Simon Bolivar,/api/v1/venues/6015,leo,t695,CAR,Leones,Caracas,2004,135,Liga Venezuela Beisbol Profesional,/api/v1/league/135,17,/api/v1/sports/17,Winter Leagues,Caracas,Office of the Commissioner,11,Leones,Caracas,True,Julio Robaina,/api/v1/people/678789,Julio,Robaina,97,2001-03-23,23,San Antonio de los Banos,Cuba,"5' 11""",170,True,1,Pitcher,Pitcher,P,Julio,Robaina,Cesar,Robaina,M,Fuentes,True,True,L,Left,L,Left,Julio Robaina,julio-robaina-678789,Julio Robaina,"Robaina, Julio","Robaina, J",J Robaina,Julio Cesar Robaina,"Robaina, Julio Cesar",3.319,1.513,135,LVBP,/api/v1/league/135,17,/api/v1/sports/17,WIN,1,Pitcher,Pitcher,P,,,,,,,
466463,2024,1,1,N,698,Tiburones de La Guaira,/api/v1/teams/698,2024,3029,Estadio Universitario,/api/v1/venues/3029,lag,t698,LAG,Tiburones,Caracas,2004,135,Liga Venezuela Beisbol Profesional,/api/v1/league/135,17,/api/v1/sports/17,Winter Leagues,La Guaira,Office of the Commissioner,11,Tiburones,La Guaira,True,Pedro Rodriguez,/api/v1/people/466463,Pedro,Rodriguez,89,1987-10-31,36,Barcelona,Venezuela,"6' 0""",165,True,1,Pitcher,Pitcher,P,Pedro,Rodriguez,Fernando,"Rodriguez, P",M,,True,True,R,Right,R,Right,Pedro Rodriguez,pedro-rodriguez-466463,Pedro Rodriguez,"Rodriguez, Pedro","Rodriguez, P",P Rodriguez,Pedro Fernando Rodriguez,"Rodriguez, Pedro Fernando",3.371,1.535,135,LVBP,/api/v1/league/135,17,/api/v1/sports/17,WIN,1,Pitcher,Pitcher,P,,,,,,,
683020,2024,1,87,N,692,Aguilas del Zulia,/api/v1/teams/692,2024,3031,Estadio Luis Aparicio,/api/v1/venues/3031,zul,t692,ZUL,Aguilas,Maracaibo,2004,135,Liga Venezuela Beisbol Profesional,/api/v1/league/135,17,/api/v1/sports/17,Winter Leagues,Zulia,Office of the Commissioner,11,Aguilas,Zulia,True,Gustavo Rodriguez,/api/v1/people/683020,Gustavo,Rodriguez,91,2001-01-08,23,Cumana,Venezuela,"6' 3""",160,True,1,Pitcher,Pitcher,P,Gustavo,Rodriguez,Jose,"Rodriguez, Gu",M,Vasquez,True,True,R,Right,R,Right,Gustavo Rodriguez,gustavo-rodriguez-683020,Gustavo Rodriguez,"Rodriguez, Gustavo","Rodriguez, G",G Rodriguez,Gustavo Jose Rodriguez,"Rodriguez, Gustavo Jose",3.49,1.601,135,LVBP,/api/v1/league/135,17,/api/v1/sports/17,WIN,1,Pitcher,Pitcher,P,,,,,,,
673648,2024,1,86,N,694,Caribes de Anzoategui,/api/v1/teams/694,2024,3030,Estadio Alfonso Carrasquel,/api/v1/venues/3030,ori,t694,ORI,Caribes,Puerto La Cruz,2004,135,Liga Venezuela Beisbol Profesional,/api/v1/league/135,17,/api/v1/sports/17,Winter Leagues,Caribes,Office of the Commissioner,11,Caribes,Caribes,True,Jose Rodriguez,/api/v1/people/673648,Jose,Rodriguez,,1992-08-18,32,Camaguey,Cuba,"6' 1""",200,True,1,Pitcher,Pitcher,P,Jose,Rodriguez,Ramon,"Rodriguez, J",M,Menendez,True,False,R,Right,R,Right,Jose Rodriguez,jose-rodriguez-673648,Jose Rodriguez,"Rodriguez, Jose","Rodriguez, J",J Rodriguez,Jose Rodriguez,"Rodriguez, Jose ",3.411,1.565,135,LVBP,/api/v1/league/135,17,/api/v1/sports/17,WIN,1,Pitcher,Pitcher,P,,,,,,,
600965,2024,1,1,N,695,Leones del Caracas,/api/v1/teams/695,2024,6015,Monumental Simon Bolivar,/api/v1/venues/6015,leo,t695,CAR,Leones,Caracas,2004,135,Liga Venezuela Beisbol Profesional,/api/v1/league/135,17,/api/v1/sports/17,Winter Leagues,Caracas,Office of the Commissioner,11,Leones,Caracas,True,Ricardo Rodríguez,/api/v1/people/600965,Ricardo,Rodríguez,68,1992-08-31,32,Maracay,Venezuela,"6' 2""",220,True,1,Pitcher,Pitcher,P,Ricardo,Rodríguez,Jose,"Rodríguez, Ri",M,,True,True,R,Right,R,Right,Ricardo Rodríguez,ricardo-rodriguez-600965,Ricardo Rodríguez,"Rodríguez, Ricardo","Rodríguez, R",R Rodríguez,Ricardo Jose Rodríguez,"Rodríguez, Ricardo Jose",3.467,1.589,135,LVBP,/api/v1/league/135,17,/api/v1/sports/17,WIN,1,Pitcher,Pitcher,P,,,2017-08-14,,,,
673603,2024,1,92,N,698,Tiburones de La Guaira,/api/v1/teams/698,2024,3029,Estadio Universitario,/api/v1/venues/3029,lag,t698,LAG,Tiburones,Caracas,2004,135,Liga Venezuela Beisbol Profesional,/api/v1/league/135,17,/api/v1/sports/17,Winter Leagues,La Guaira,Office of the Commissioner,11,Tiburones,La Guaira,True,Luis Romero,/api/v1/people/673603,Luis,Romero,39,1994-04-23,30,Guantanamo,Cuba,"6' 0""",202,True,1,Pitcher,Pitcher,P,Luis,Romero,Miguel,Romero,M,Mansfarroll,True,False,R,Right,R,Right,Luis Romero,luis-romero-673603,Luis Romero,"Romero, Luis","Romero, L",L Romero,Luis Miguel Romero,"Romero, Luis Miguel",3.371,1.535,135,LVBP,/api/v1/league/135,17,/api/v1/sports/17,WIN,1,Pitcher,Pitcher,P,,,,,,,
664584,2024,1,77,N,695,Leones del Caracas,/api/v1/teams/695,2024,6015,Monumental Simon Bolivar,/api/v1/venues/6015,leo,t695,CAR,Leones,Caracas,2004,135,Liga Venezuela Beisbol Profesional,/api/v1/league/135,17,/api/v1/sports/17,Winter Leagues,Caracas,Office of the Commissioner,11,Leones,Caracas,True,Jhon Romero,/api/v1/people/664584,Jhon,Romero,,1995-01-17,29,Cartagena,Colombia,"5' 10""",195,True,1,Pitcher,Pitcher,P,Jhon,Romero,Jairo,"Romero, J",M,Rodriguez,True,False,R,Right,R,Right,Jhon Romero,jhon-romero-664584,Jhon Romero,"Romero, Jhon","Romero, J",J Romero,Jhon Jairo Romero,"Romero, Jhon Jairo",3.301,1.504,135,LVBP,/api/v1/league/135,17,/api/v1/sports/17,WIN,1,Pitcher,Pitcher,P,,,2021-09-24,,,,
504083,2024,1,1,N,695,Leones del Caracas,/api/v1/teams/695,2024,6015,Monumental Simon Bolivar,/api/v1/venues/6015,leo,t695,CAR,Leones,Caracas,2004,135,Liga Venezuela Beisbol Profesional,/api/v1/league/135,17,/api/v1/sports/17,Winter Leagues,Caracas,Office of the Commissioner,11,Leones,Caracas,True,Jorge Rondon,/api/v1/people/504083,Jorge,Rondon,94,1988-02-16,36,Calabozo,Venezuela,"6' 1""",215,True,1,Pitcher,Pitcher,P,Jorge,Rondon,Leonardo,"Rondon, Jor",M,Rondon,True,True,R,Right,R,Right,Jorge Rondon,jorge-rondon-504083,Jorge Rondon,"Rondon, Jorge","Rondon, J",J Rondon,Jorge Leonardo Rondon,"Rondon, Jorge Leonardo",3.411,1.565,135,LVBP,/api/v1/league/135,17,/api/v1/sports/17,WIN,1,Pitcher,Pitcher,P,,rohn-DOHN,2014-06-29,,,,
572102,2024,1,57,N,693,Cardenales de Lara,/api/v1/teams/693,2024,3032,Estadio Antonio Herrera Gutierrez,/api/v1/venues/3032,lar,t693,LAR,Cardenales,Barquisimeto,2004,135,Liga Venezuela Beisbol Profesional,/api/v1/league/135,17,/api/v1/sports/17,Winter Leagues,Lara,Office of the Commissioner,11,Cardenales,Lara,True,Keyvius Sampson,/api/v1/people/572102,Keyvius,Sampson,62,1991-01-06,33,Gainesville,USA,"6' 2""",225,True,1,Pitcher,Pitcher,P,Keyvius,Sampson,N.,Sampson,M,,True,True,R,Right,R,Right,Keyvius Sampson,keyvius-sampson-572102,Keyvius Sampson,"Sampson, Keyvius","Sampson, K",K Sampson,Keyvius N. Sampson,"Sampson, Keyvius N.",3.467,1.589,135,LVBP,/api/v1/league/135,17,/api/v1/sports/17,WIN,1,Pitcher,Pitcher,P,,KEE-vus,2015-07-30,FL,2009.0,,
699129,2024,1,1,N,698,Tiburones de La Guaira,/api/v1/teams/698,2024,3029,Estadio Universitario,/api/v1/venues/3029,lag,t698,LAG,Tiburones,Caracas,2004,135,Liga Venezuela Beisbol Profesional,/api/v1/league/135,17,/api/v1/sports/17,Winter Leagues,La Guaira,Office of the Commissioner,11,Tiburones,La Guaira,True,Dikember Sanchez,/api/v1/people/699129,Dikember,Sanchez,,2004-02-20,20,Caracas,Venezuela,"5' 11""",160,True,1,Pitcher,Pitcher,P,Dikember,Sanchez,Ronaldo,Sanchez,M,Marquez,True,True,R,Right,R,Right,Dikember Sanchez,dikember-sanchez-699129,Dikember Sanchez,"Sanchez, Dikember","Sanchez, D",D Sanchez,Dikember Ronaldo Sanchez,"Sanchez, Dikember Ronaldo",3.319,1.513,135,LVBP,/api/v1/league/135,17,/api/v1/sports/17,WIN,1,Pitcher,Pitcher,P,,,,,,,
681458,2024,1,1,N,693,Cardenales de Lara,/api/v1/teams/693,2024,3032,Estadio Antonio Herrera Gutierrez,/api/v1/venues/3032,lar,t693,LAR,Cardenales,Barquisimeto,2004,135,Liga Venezuela Beisbol Profesional,/api/v1/league/135,17,/api/v1/sports/17,Winter Leagues,Lara,Office of the Commissioner,11,Cardenales,Lara,True,Yosber Sanchez,/api/v1/people/681458,Yosber,Sanchez,96,2001-05-22,23,Mano Blanco,Dominican Republic,"6' 1""",170,True,1,Pitcher,Pitcher,P,Yosber,Sanchez,Jose,Sanchez,M,Rodriguez,True,True,R,Right,R,Right,Yosber Sanchez,yosber-sanchez-681458,Yosber Sanchez,"Sanchez, Yosber","Sanchez, Y",Y Sanchez,Yosber Jose Sanchez,"Sanchez, Yosber Jose",3.411,1.565,135,LVBP,/api/v1/league/135,17,/api/v1/sports/17,WIN,1,Pitcher,Pitcher,P,,,,,,,
677743,2024,1,1,N,697,Bravos de Margarita,/api/v1/teams/697,2024,3349,Estadio Nueva Esparta,/api/v1/venues/3349,mar,t697,MAR,Bravos,Porlamar,2004,135,Liga Venezuela Beisbol Profesional,/api/v1/league/135,17,/api/v1/sports/17,Winter Leagues,Margarita,Office of the Commissioner,11,Bravos,Margarita,True,Mark Simon,/api/v1/people/677743,Mark,Simon,,1995-08-04,29,Houston,USA,"6' 0""",185,True,1,Pitcher,Pitcher,P,Mark,Simon,Arthur,Simon,M,Grimaldo,True,True,R,Right,R,Right,Mark Simon,mark-simon-677743,Mark Simon,"Simon, Mark","Simon, M",M Simon,Mark Arthur Simon,"Simon, Mark Arthur",3.371,1.535,135,LVBP,/api/v1/league/135,17,/api/v1/sports/17,WIN,1,Pitcher,Pitcher,P,,,,TX,,,
666005,2024,1,1,N,694,Caribes de Anzoategui,/api/v1/teams/694,2024,3030,Estadio Alfonso Carrasquel,/api/v1/venues/3030,ori,t694,ORI,Caribes,Puerto La Cruz,2004,135,Liga Venezuela Beisbol Profesional,/api/v1/league/135,17,/api/v1/sports/17,Winter Leagues,Caribes,Office of the Commissioner,11,Caribes,Caribes,True,Andres Sotillet,/api/v1/people/666005,Andres,Sotillet,69,1997-03-02,27,Cumana,Venezuela,"6' 1""",215,True,1,Pitcher,Pitcher,P,Andres,Sotillet,Alejandro,Sotillet,M,Rivero,True,True,R,Right,R,Right,Andres Sotillet,andres-sotillet-666005,Andres Sotillet,"Sotillet, Andres","Sotillet, A",A Sotillet,Andres Alejandro Sotillet,"Sotillet, Andres Alejandro",3.411,1.565,135,LVBP,/api/v1/league/135,17,/api/v1/sports/17,WIN,1,Pitcher,Pitcher,P,,ahn-DRACE soh-tee-YET,,,,,
682949,2024,1,1,N,699,Tigres de Aragua,/api/v1/teams/699,2024,2913,Estadio Jose Perez Colmenares,/api/v1/venues/2913,ara,t699,ARA,Tigres,Maracay,2004,135,Liga Venezuela Beisbol Profesional,/api/v1/league/135,17,/api/v1/sports/17,Winter Leagues,Aragua,Office of the Commissioner,11,Tigres,Aragua,True,Christian Suarez,/api/v1/people/682949,Christian,Suarez,82,2000-11-25,23,Maracay,Venezuela,"5' 11""",160,True,1,Pitcher,Pitcher,P,Christian,Suarez,David,Suarez,M,Oramas,True,True,L,Left,L,Left,Christian Suarez,christian-suarez-682949,Christian Suarez,"Suarez, Christian","Suarez, C",C Suarez,Christian David Suarez,"Suarez, Christian David",3.319,1.513,135,LVBP,/api/v1/league/135,17,/api/v1/sports/17,WIN,1,Pitcher,Pitcher,P,,,,,,,
660522,2024,1,1,N,699,Tigres de Aragua,/api/v1/teams/699,2024,2913,Estadio Jose Perez Colmenares,/api/v1/venues/2913,ara,t699,ARA,Tigres,Maracay,2004,135,Liga Venezuela Beisbol Profesional,/api/v1/league/135,17,/api/v1/sports/17,Winter Leagues,Aragua,Office of the Commissioner,11,Tigres,Aragua,True,Carlos Suniaga,/api/v1/people/660522,Carlos,Suniaga,,1997-05-26,27,Margarita,Venezuela,"6' 2""",187,True,1,Pitcher,Pitcher,P,Carlos,Suniaga,Alejandro,Suniaga,M,Marcano,True,False,R,Right,R,Right,Carlos Suniaga,carlos-suniaga-660522,Carlos Suniaga,"Suniaga, Carlos","Suniaga, C",C Suniaga,Carlos Alejandro Suniaga,"Suniaga, Carlos Alejandro",3.467,1.589,135,LVBP,/api/v1/league/135,17,/api/v1/sports/17,WIN,1,Pitcher,Pitcher,P,,,,,,,
699703,2024,1,67,N,694,Caribes de Anzoategui,/api/v1/teams/694,2024,3030,Estadio Alfonso Carrasquel,/api/v1/venues/3030,ori,t694,ORI,Caribes,Puerto La Cruz,2004,135,Liga Venezuela Beisbol Profesional,/api/v1/league/135,17,/api/v1/sports/17,Winter Leagues,Caribes,Office of the Commissioner,11,Caribes,Caribes,True,Saul Teran,/api/v1/people/699703,Saul,Teran,,2002-03-20,22,Caracas,Venezuela,"6' 1""",165,True,1,Pitcher,Pitcher,P,Saul,Teran,David,Teran,M,Oviedo,True,True,R,Right,R,Right,Saul Teran,saul-teran-699703,Saul Teran,"Teran, Saul","Teran, S",S Teran,Saul David Teran,"Teran, Saul David",3.411,1.565,135,LVBP,/api/v1/league/135,17,/api/v1/sports/17,WIN,1,Pitcher,Pitcher,P,,,,,,,
600526,2024,1,1,N,695,Leones del Caracas,/api/v1/teams/695,2024,6015,Monumental Simon Bolivar,/api/v1/venues/6015,leo,t695,CAR,Leones,Caracas,2004,135,Liga Venezuela Beisbol Profesional,/api/v1/league/135,17,/api/v1/sports/17,Winter Leagues,Caracas,Office of the Commissioner,11,Leones,Caracas,True,José Torres,/api/v1/people/600526,José,Torres,76,1993-09-24,31,Caracas,Venezuela,"6' 2""",175,True,1,Pitcher,Pitcher,P,José,Torres,Marcos,"Torres, Jo",M,,True,True,L,Left,L,Left,José Torres,jose-torres-600526,José Torres,"Torres, José","Torres, J",J Torres,José Marcos Torres,"Torres, José Marcos",3.467,1.589,135,LVBP,/api/v1/league/135,17,/api/v1/sports/17,WIN,1,Pitcher,Pitcher,P,Torry,,2016-09-22,,,,
629845,2024,1,67,N,697,Bravos de Margarita,/api/v1/teams/697,2024,3349,Estadio Nueva Esparta,/api/v1/venues/3349,mar,t697,MAR,Bravos,Porlamar,2004,135,Liga Venezuela Beisbol Profesional,/api/v1/league/135,17,/api/v1/sports/17,Winter Leagues,Margarita,Office of the Commissioner,11,Bravos,Margarita,True,Luis Torres,/api/v1/people/629845,Luis,Torres,90,1994-06-04,30,Barquisimeto,Venezuela,"6' 3""",190,True,1,Pitcher,Pitcher,P,Luis,Torres,Eduardo,"Torres, L",M,Jimenez,True,True,R,Right,R,Right,Luis Torres,luis-torres-629845,Luis Torres,"Torres, Luis","Torres, L",L Torres,Luis Eduardo Torres,"Torres, Luis Eduardo",3.49,1.601,135,LVBP,/api/v1/league/135,17,/api/v1/sports/17,WIN,1,Pitcher,Pitcher,P,,,,,,,
642496,2024,1,73,N,698,Tiburones de La Guaira,/api/v1/teams/698,2024,3029,Estadio Universitario,/api/v1/venues/3029,lag,t698,LAG,Tiburones,Caracas,2004,135,Liga Venezuela Beisbol Profesional,/api/v1/league/135,17,/api/v1/sports/17,Winter Leagues,La Guaira,Office of the Commissioner,11,Tiburones,La Guaira,True,Emilio Vargas,/api/v1/people/642496,Emilio,Vargas,71,1996-08-12,28,Moca,Dominican Republic,"6' 3""",220,True,1,Pitcher,Pitcher,P,Emilio,Vargas,,"Vargas, E",M,Polanco,True,True,R,Right,R,Right,Emilio Vargas,emilio-vargas-642496,Emilio Vargas,"Vargas, Emilio","Vargas, E",E Vargas,Emilio Vargas,"Vargas, Emilio ",3.49,1.601,135,LVBP,/api/v1/league/135,17,/api/v1/sports/17,WIN,1,Pitcher,Pitcher,P,,,,,,,
660788,2024,1,1,N,695,Leones del Caracas,/api/v1/teams/695,2024,6015,Monumental Simon Bolivar,/api/v1/venues/6015,leo,t695,CAR,Leones,Caracas,2004,135,Liga Venezuela Beisbol Profesional,/api/v1/league/135,17,/api/v1/sports/17,Winter Leagues,Caracas,Office of the Commissioner,11,Leones,Caracas,True,Jesus Vargas,/api/v1/people/660788,Jesus,Vargas,66,1998-08-18,26,Macuto,Venezuela,"6' 2""",175,True,1,Pitcher,Pitcher,P,Jesus,Vargas,Miguel,"Vargas, J",M,Rangel,True,False,R,Right,R,Right,Jesus Vargas,jesus-vargas-660788,Jesus Vargas,"Vargas, Jesus","Vargas, J",J Vargas,Jesus Miguel Vargas,"Vargas, Jesus Miguel",3.467,1.589,135,LVBP,/api/v1/league/135,17,/api/v1/sports/17,WIN,1,Pitcher,Pitcher,P,,,,,,,
800536,2024,1,94,N,699,Tigres de Aragua,/api/v1/teams/699,2024,2913,Estadio Jose Perez Colmenares,/api/v1/venues/2913,ara,t699,ARA,Tigres,Maracay,2004,135,Liga Venezuela Beisbol Profesional,/api/v1/league/135,17,/api/v1/sports/17,Winter Leagues,Aragua,Office of the Commissioner,11,Tigres,Aragua,True,Adonis Villavicencio,/api/v1/people/800536,Adonis,Villavicencio,,2000-12-22,23,Punto Fijo,Venezuela,"6' 2""",200,True,1,Pitcher,Pitcher,P,Adonis,Villavicencio,Divian,Villavicencio,M,Hernandez,True,True,R,Right,R,Right,Adonis Villavicencio,adonis-villavicencio-800536,Adonis Villavicencio,"Villavicencio, Adonis","Villavicencio, A",A Villavicencio,Adonis Divian Villavicencio,"Villavicencio, Adonis Divian",3.467,1.589,135,LVBP,/api/v1/league/135,17,/api/v1/sports/17,WIN,1,Pitcher,Pitcher,P,,,,,,,
622415,2024,1,1,N,696,Navegantes del Magallanes,/api/v1/teams/696,2024,2510,Estadio Jose Bernardo Perez,/api/v1/venues/2510,mag,t696,MAG,Navegantes,Valencia,2004,135,Liga Venezuela Beisbol Profesional,/api/v1/league/135,17,/api/v1/sports/17,Winter Leagues,Magallanes,Office of the Commissioner,11,Navegantes,Magallanes,True,Anthony Vizcaya,/api/v1/people/622415,Anthony,Vizcaya,82,1993-10-24,30,Barquisimeto,Venezuela,"6' 0""",220,True,1,Pitcher,Pitcher,P,Anthony,Vizcaya,,Vizcaya,M,Freitez,True,True,R,Right,R,Right,Anthony Vizcaya,anthony-vizcaya-622415,Anthony Vizcaya,"Vizcaya, Anthony","Vizcaya, A",A Vizcaya,Anthony Vizcaya,"Vizcaya, Anthony",3.371,1.535,135,LVBP,/api/v1/league/135,17,/api/v1/sports/17,WIN,1,Pitcher,Pitcher,P,,,,,,,
553878,2024,1,1,N,696,Navegantes del Magallanes,/api/v1/teams/696,2024,2510,Estadio Jose Bernardo Perez,/api/v1/venues/2510,mag,t696,MAG,Navegantes,Valencia,2004,135,Liga Venezuela Beisbol Profesional,/api/v1/league/135,17,/api/v1/sports/17,Winter Leagues,Magallanes,Office of the Commissioner,11,Navegantes,Magallanes,True,Felipe Vázquez,/api/v1/people/553878,Felipe,Vázquez,51,1991-07-05,33,San Felipe,Venezuela,"6' 2""",225,True,1,Pitcher,Pitcher,P,Felipe,Vázquez,Javier,Vázquez,M,,True,True,L,Left,L,Left,Felipe Vázquez,felipe-vazquez-553878,Felipe Vázquez,"Vázquez, Felipe","Vázquez, F",F Vázquez,Felipe Javier Vázquez,"Vázquez, Felipe Javier",3.467,1.589,135,LVBP,/api/v1/league/135,17,/api/v1/sports/17,WIN,1,Pitcher,Pitcher,P,Nightmare,,2015-04-17,,,,
679338,2024,1,1,N,693,Cardenales de Lara,/api/v1/teams/693,2024,3032,Estadio Antonio Herrera Gutierrez,/api/v1/venues/3032,lar,t693,LAR,Cardenales,Barquisimeto,2004,135,Liga Venezuela Beisbol Profesional,/api/v1/league/135,17,/api/v1/sports/17,Winter Leagues,Lara,Office of the Commissioner,11,Cardenales,Lara,True,Bryan Warzek,/api/v1/people/679338,Bryan,Warzek,,1997-01-17,27,Clifton Park,USA,"6' 0""",205,True,1,Pitcher,Pitcher,P,Bryan,Warzek,,Warzek,M,,True,False,L,Left,L,Left,Bryan Warzek,bryan-warzek-679338,Bryan Warzek,"Warzek, Bryan","Warzek, B",B Warzek,Bryan  Warzek,"Warzek, Bryan ",3.371,1.535,135,LVBP,/api/v1/league/135,17,/api/v1/sports/17,WIN,1,Pitcher,Pitcher,P,,,,NY,2018.0,,
673394,2024,1,77,N,694,Caribes de Anzoategui,/api/v1/teams/694,2024,3030,Estadio Alfonso Carrasquel,/api/v1/venues/3030,ori,t694,ORI,Caribes,Puerto La Cruz,2004,135,Liga Venezuela Beisbol Profesional,/api/v1/league/135,17,/api/v1/sports/17,Winter Leagues,Caribes,Office of the Commissioner,11,Caribes,Caribes,True,Gabriel Yanez,/api/v1/people/673394,Gabriel,Yanez,67,1999-07-22,25,El Tigre,Venezuela,"6' 3""",225,True,1,Pitcher,Pitcher,P,Gabriel,Yanez,David,Yanez,M,Zacarias,True,True,L,Left,L,Left,Gabriel Yanez,gabriel-yanez-673394,Gabriel Yanez,"Yanez, Gabriel","Yanez, G",G Yanez,Gabriel David Yanez,"Yanez, Gabriel David",3.49,1.601,135,LVBP,/api/v1/league/135,17,/api/v1/sports/17,WIN,1,Pitcher,Pitcher,P,,,,,,,
